X1,X2,y
-1.5299051725678676,1.5249542894789212,1
-1.2858640499375862,1.3090724676186114,1
-1.6757526451345002,1.4217649370162933,1
-1.4675770580952783,1.3519197959843257,1
-1.5299051725678676,1.5249542894789212,1
-1.556997236530764,1.5880983709849734,1
-1.3054031563547737,1.5104221616405478,1
-1.5139858402724768,1.4680556076346751,1
-1.516539372387245,1.5249542894789212,1
-1.3075580548157346,1.6242666329487174,1
-1.624318654897812,1.474781196164089,1
-1.4328586703729012,1.420640873401379,1
-1.5031735722066222,1.5249542894789212,1
-1.695328312361502,1.2745430113294904,1
-1.5882859599267936,1.7589568652301335,1
-1.476441971845377,1.5249542894789212,1
-1.2735588112989158,1.637552557299986,1
-1.7021790655168014,1.3093573977716972,1
-1.2728291174672748,1.427558758087198,1
-1.396247170761641,1.4372119293742323,1
-1.4565274682179967,1.546669263875233,1
-1.4579236877730446,1.5658569486953449,1
-1.5671965997903765,1.217567650308633,1
-1.3294181698585277,1.3620041921416417,1
-1.2327622925299002,1.2136449260420321,1
-1.3866040239399655,1.337256206274732,1
-1.1440097085472043,1.5201652387635944,1
-1.3026865694972822,1.336934946397445,1
-1.2732420739125556,1.224565486083672,1
-1.265118923044345,1.5117771205295398,1
-1.400914629813496,1.5435557199596066,1
-1.275954969136037,1.3244003235253463,1
-1.3851513566010145,1.3939843921786716,1
-1.44787360713565,1.2565288068721963,1
-1.4529466968377067,1.1961924237316137,1
-1.2625891689554143,1.2993310777811495,1
-1.2702200352224798e-15,1.5392252333805083,1
-1.1865384910223313,1.3674913649451412,1
-1.4574921702410537,1.322885136056335,1
-1.235857568594169,1.2617272091648544,1
-1.3601505632073188,1.3688777167971162,1
-1.3254930994753251,1.094748714422851,1
-1.4062129827020566,1.3806434934784106,1
-1.1957601680523011,1.1865194719322638,1
-1.2660756860494102,-8.906385227261936e-17,1
-1.1419822048740849,1.2282831879166116,1
-1.2357130240144578,1.1052113202630112,1
-1.1556627675104332,1.13638098044387,1
-1.2744469286235178,1.123150488080675,1
-1.312885232388965,0.9259735280218734,1
-1.144469536447874,0.925321023312065,1
-1.1422969673298105,1.0987771118275749,1
-1.2971061033277294,0.9684181155703588,1
-1.150737423497231,0.9495035697089435,1
-1.3699323227329276,1.3456984928815285,1
-1.0888337666073198,1.0361039974670827,1
-1.1529892528796297,1.1833701696205465,1
-0.8533780180309695,0.9582685336081813,1
-1.0623949696277095,1.2088025369966906,1
-1.0353705658848291,0.9734308831065906,1
-0.8390875403842208,0.9476227289902036,1
-0.8382001327836087,0.9239743980670895,1
-1.26448171547095,1.1905602139349771,1
-1.0220047657042064,0.9358270144902954,1
-1.161151222174963,1.0620254218311695,1
-1.1452929298851011,0.9111870665434602,1
-1.0590358022788082,0.7425742487586651,1
-0.9685415649817158,0.8731539001298033,1
-1.142275398269769,1.0400197672742217,1
-0.8415033221564834,0.6904058111958489,1
-1.2153241261700543,0.7344119638165876,1
-0.9284441644398478,0.835550031513508,1
-0.7839026858614602,0.8454823409550914,1
-1.012184475116179,0.6060504953386601,1
-0.9008305272574769,0.8321660734155053,1
-0.9017125640786026,0.8104807857693112,1
-1.0986479615885167,1.0470489144118489,1
-0.8456300025369263,1.0108245087441448,1
-1.1572372740087227,0.8189760487062141,1
-0.8883467638979798,0.7854115400251144,1
-1.1515654107599802,0.7538173954674231,1
-1.0266648075389093,0.604546774542652,1
-1.1485176252549654,0.8073118579985633,1
-0.8616151635367345,0.7603422942809176,1
-1.0890931751362296,0.5463889490933797,1
-0.9205319371257596,0.9030018180469348,1
-0.8631318283318206,0.5789835563581529,1
-0.8348835631754893,0.7227384256646223,1
-0.8315110899051923,0.7816120856269558,1
-0.9427369233613713,0.8633080103949191,1
-0.855117385927193,0.850452070362307,1
-0.8215177629948667,0.7102038027925239,1
-0.6911089858759693,0.7334268508833286,1
-1.052920477952691,0.6448750335378458,1
-0.9659522421945401,0.6074440954616572,1
-0.7947861626336213,0.6976691799204254,1
-0.8495056105043747,0.870157957675464,1
-0.7649241832061187,0.7113897289077376,1
-1.2702200352224798e-15,0.5460679510643641,1
-0.768054562272376,0.6600653113041302,1
-0.9064489029797406,0.6303130601356831,1
-1.0140494823360484,0.8749768207378297,1
-0.5836080216947495,0.6406877680610691,1
-0.7145913615498853,0.5848575740715397,1
-0.7448804395085237,0.6939146809471977,1
-0.4553791017974384,0.5950375036091529,1
-0.8275409528505987,0.5294779916267575,1
-0.6611281608273947,0.5221844597110475,1
-0.43571398849710014,0.31187217841874687,1
-0.7553384327391848,0.5067789203537164,1
-0.8453460596115472,0.562780683748655,1
-0.5675675595630361,0.44697672247845704,1
-0.3137732164646657,0.2396774529138842,1
-0.5584541273370409,0.4086753262911516,1
-0.538335572181701,0.6755626764256591,1
-0.5274701590211681,0.4093728538621618,1
-0.3497145732996738,0.2805507837450581,1
-0.7014167124942038,0.5631312345326697,1
-0.6008393004374954,0.26674922424220093,1
-0.5007385586599228,0.3968382309900633,1
-0.7560450180379195,0.5659286771950517,1
-0.3379834441629577,0.6294604602271183,1
-0.3202223938862226,0.28591450116769684,1
-0.4873727584793001,0.3592343623737681,1
-0.4623675423423248,0.24928664083599134,1
-0.4656063756546457,0.47988297004954067,1
-0.6382211938112107,0.2739286118709581,1
-0.35371475667307345,0.28402662514117755,1
-0.3772322632835002,0.1769075222795133,1
-0.24868374344640404,0.11871626529886692,1
-0.1930759812391543,0.38706590532731455,1
-0.11313035342186556,0.12107652780389809,1
0.12648171875456626,0.37016369589934095,1
0.08260054818199239,0.36726021396250164,1
0.06505022063823188,-0.05294865527767234,1
-0.0329355523514954,0.07093803631550442,1
0.12551328891627847,-0.12762232193673895,1
-0.16499681751354825,0.19679425815376844,1
0.23392596033766572,0.12607858803964928,1
0.020527648370995244,0.02079954482711074,1
0.032813132209974935,-0.09661790330762468,1
0.11263981900110988,0.19261724163645227,1
-0.20435089217685506,-0.2125613833285863,1
0.08735664927410855,-0.029338946661282943,1
0.18457132977744484,-0.09142086503262761,1
-0.08228963801477451,0.0721866282749973,1
-0.005335947989563055,-0.20940764827283662,1
0.15418565017722186,-0.1170813067659719,1
0.30132893467888755,0.04879307083183992,1
0.41406347078932676,0.01836829986833629,1
0.2089895552161023,-0.2503098371902102,1
0.22101465109370097,-0.179754421126464,1
0.005873656726215035,-0.16440748451540807,1
0.4409405001452814,0.0011520176400685728,1
0.3629820274571847,0.05483428734072881,1
0.26111205163556894,-0.22989291261485767,1
0.2662783794221316,-0.35408275105388665,1
0.4325314772657516,-0.033515618388727776,1
0.5028962648101188,-0.3989359105091184,1
0.3413068527193049,-0.3051006498474482,1
0.5122274906115291,-0.33082363483646005,1
0.12117282082439229,-0.2172867470039082,1
0.4412617998138753,-0.2318312066549554,1
0.3947700534417955,-0.3803083870800387,1
0.3489563873937211,-0.2004711832818843,1
0.4872657572986234,-0.39381978134456735,1
0.18300714920184022,-0.5683127997961733,1
0.47496485452553155,-0.4680507471847276,1
0.24215079981754647,-0.5875789157571356,1
0.5399813286222106,-0.40990432197495735,1
0.6430524586993507,-0.47624878074589,1
0.5417938554286448,-0.5557931072894166,1
0.43108929165461823,-0.541861836751462,1
0.7112250835308794,-0.6446054728156131,1
0.3178895765117487,-0.6901583767152561,1
0.5818912559705127,-0.6059315987778102,1
0.7442147347818127,-0.7868882369039599,1
0.639491829045301,-0.7565258437892404,1
0.6446513758268001,-0.8289658672258995,1
0.6353544566930034,-0.6686047131383024,1
0.8740954825987742,-0.89134993155346,1
0.7873290714926149,-0.6704100080610308,1
0.39913596146311353,-0.5905054934886942,1
0.6888176574154941,-0.718743204626696,1
0.43518479630614004,-0.925806591766789,1
0.7506364945364851,-0.9541106169257622,1
0.9521370959103146,-0.6954307124753856,1
0.7155492577767393,-0.7438124503708928,1
0.5674767453019841,-0.5902866406028483,1
0.779862556591284,-0.6003669874502455,1
0.8184327241335213,-0.5401187887659163,1
0.7422808581379846,-0.7688816961150897,1
0.7612216605490467,-0.6990592443800215,1
0.74228391997549,-0.9168772237539606,1
0.6092953950613507,-0.7130821272175464,1
0.76901245849923,-0.7939509418592865,1
0.9918262542582837,-0.8839701309732567,1
0.5533023897272048,-1.0386179622154572,1
0.7235402315738038,-0.9121829201220384,1
0.7957440588604753,-0.8190201876034835,1
0.968225724108823,-0.9780639048196174,1
0.6632193810767782,-0.8103388525771622,1
1.0183811517909251,-0.9512158618440589,1
0.8625730597635887,-0.8566240562197788,1
1.0369873419290971,-0.951137720879728,1
0.8185580461530709,-0.6781345754488709,1
1.0104622250031543,-0.60662079283015,1
0.9026704603054567,-0.8816933019639756,1
0.6909829054165088,-0.7373683440958516,1
0.7758438013048754,-0.969716481742872,1
1.0545142013330975,-0.7424949426788106,1
0.9561336610279473,-0.9067625477081724,1
1.1555074396060432,-0.7325571601194962,1
0.6920194317746282,-0.7965360992768229,1
1.1911676222411796,-0.9754523202806413,1
0.9962310615698153,-0.9443664163244677,1
0.8301553483442664,-0.7433758275906173,1
1.2158525827122133,-1.0514339852401484,1
1.0018723716686087,-1.0417342445701425,1
1.0363284621116833,-0.9569010391965661,1
0.8429258013010795,-0.7122368375010406,1
1.0330652316696607,-0.9581663271483783,1
1.0354966158751058,-1.0220609939052498,1
1.1031574630147967,-1.0070395306849598,1
1.3134101003474332,-1.0035586172790412,1
1.1428272154238253,-1.1446666042978342,1
0.9105495293414828,-1.0395133187254084,1
1.1699864639179098,-1.0571780221733535,1
1.0630682112003245,-0.8092498480517287,1
1.1360469929277888,-1.0189744256261604,1
0.9686418743120566,-0.9401190438213248,1
1.2368154648210232,-1.107316513661747,1
0.9778386821322627,-1.3121277050841196,1
1.0131009631584678,-1.0444454875084568,1
1.146706859461954,-0.9467189364060394,1
1.290278665543514,-1.1574550051501409,1
1.1957088667053488,-1.2119450589325302,1
1.5437171005059085,-1.2477517183352729,1
1.3146856149649462,-1.2694337429684406,1
1.3303760660853818,-1.195058873766436,1
1.114023044317096,-1.073774851587064,1
1.525149898941495,-1.1240356294773892,1
1.5346813811855615,-1.3472693325496097,1
1.3704734666272498,-1.2201281195106328,1
1.2539996312566604,-1.457660571662319,1
1.471167487672028,-1.3282857515006488,1
1.3633051429952645,-1.0524899147815554,1
1.4239366673497404,-1.2702666109990266,1
1.5034188427286659,-1.234730416167844,1
1.5354353820614108,-1.5084133423999564,1
1.2195195350345136,-1.4622319962553403,1
1.4907656682528538,-1.3204051024874204,1
1.5862338151337105,-1.426605846703116,1
1.4821558274334021,-1.3173655429298343,1
1.3097223483005496,-1.5177745020987132,1
1.517497268614099,-1.3329397253595188,1
1.7212210711629201,-1.5070763005008978,1
1.2739328738695521,-1.0954941857759033,1
1.695392404115777,-1.4018436052096142,1
1.557594669155967,-1.3580089711037155,1
1.6619969766610783,-1.5578117032650833,1
1.6860417410994546,-1.3472343622052587,1
1.5697030215384966,-1.4216900910059493,1
1.5843262695172124,-1.3830782168479123,1
1.74388606266337,-1.316411245740175,1
1.4440078622623782,-1.4181825099391778,1
1.3714132105579713,-1.5516674116317504,1
1.6110578698784577,-1.4081474625921093,1
-1.2702200352224798e-15,-1.3753784361754169,1
1.7097599964149577,-1.3247827355435273,1
1.3527027670447322,-1.3544484625918667,1
1.6244236700590804,-1.4206820854642077,1
1.3629556519136137,-1.5796967223552782,1
1.8233045072338747,-1.2441196082971917,1
1.7722523698888668,-1.2681608683107892,1
1.6377894702397031,-1.433216708336306,1
1.641376932539563,-1.492789821187723,1
1.3997643133838142,-1.4464476458039595,1
1.4840647136396583,-1.5162322007362745,1
1.6244236700590804,-1.433216708336306,1
1.7189376498405828,-1.3749995207933048,1
1.7719257164153526,-1.3167291225227493,1
1.4506682677109857,-1.3329397253595188,1
1.6677596841795141,-1.5386749441107765,1
1.4440322334624276,-1.331432201308239,1
1.327577964286723,-1.57126393197877,1
1.2234496646404005,-1.195058873766436,1
1.4444880540288878,-1.3900010577236153,1
1.240984748555884,-1.1401367707116186,1
1.4446916004632582,-1.0783369746124905,1
1.1165232631954192,-1.1449203822780425,1
1.3367442025170455,-1.0826138476012552,1
1.2083335390132504,-0.9712009696642375,1
0.9012901190537069,-1.0002940060885603,1
1.0229626619310606,-1.0822472679175503,1
1.2064335041745058,-1.1954432279214124,1
0.8803366552896522,-1.1656881159759873,1
0.8816120203438612,-1.1832481065632672,1
0.889304660124834,-0.9694356620686645,1
1.128889065348842,-0.7774184526647786,1
1.02481643974025,-0.9181148721102625,1
0.7819196083061786,-1.0322647077644167,1
0.7823782586798527,-0.9067625477081724,1
0.9750838344688322,-0.8520062287035775,1
1.0344722459795666,-0.9269715655077947,1
0.7900645209692693,-0.862296743447325,1
0.7155492577767393,-0.8566240562197788,1
0.9301997087659631,-0.8114360729211573,1
0.4697011232028365,-0.615505049863378,1
0.8380013463809056,-0.8969665312321566,1
0.5417938554286448,-0.7438124503708928,1
0.5651568841303239,-0.5012435832395032,1
0.4709541667024539,-0.9381299384311828,1
0.4808979649026563,-0.7746024501116561,1
0.48833065470615417,-0.6811393360104008,1
0.5397844848693146,-0.6726431665695717,1
0.6646152924164743,-0.6009147878229324,1
0.35329188260599215,-0.8411560365305869,1
0.40813585362241817,-0.6059315987778102,1
0.5775072227212279,-0.450988277589485,1
0.49230290075035826,-0.8266667981606027,1
0.5693206806695786,-0.422742509847927,1
0.2878436519968142,-0.5181892386731213,1
0.4178222055268356,-0.39335765186020927,1
0.09075870695452305,-0.37638704726253414,1
0.2445138617948924,-0.7558824966242099,1
0.23438045127432364,-0.4555161243126292,1
0.41534683206715184,-0.34130952962987815,1
0.4584197341291042,-0.6364192449890028,1
0.23201326233885589,-0.3375167164509559,1
0.16755145035784452,-0.39284300995213717,1
0.413351842440526,-0.15280733106512487,1
0.025620604076200194,-0.6308324438692601,1
0.06033002727620136,-0.16454464211926145,1
0.11408824963535387,-0.34270451846374345,1
-0.009798786344223738,-0.14808134667527825,1
0.07363577698831152,-0.35088397270549987,1
-0.02340079870754251,-0.42482864826064637,1
0.07399084909348588,-0.3051006498474482,1
0.006237724643103563,-0.2797072185196395,1
-0.08287585612974453,-0.13555036247885338,1
-0.1930278536658639,-0.2548905374041568,1
-0.006203951990250078,-0.21735828974275925,1
0.059278701983342764,-0.11730348521261195,1
-0.04258862607325724,-0.21994041315482932,1
-0.07189011026921144,-0.057097469043941786,1
-0.08639875306062024,-0.14215055251016873,1
-0.28296675412832956,-0.3083288307860523,1
0.11467813663574186,-0.2163033061893403,1
0.023857549910357642,0.05032322698453504,1
-0.16659355414435623,-0.07947743814967663,1
-0.4321034219413897,-0.07982311371747158,1
-0.20269354244417598,-0.05921650119004082,1
-0.15286470849046144,0.06978106756070365,1
-0.2467883552280922,0.008264921955012319,1
-0.08656663472842097,-0.07033496525301283,1
-0.06927349625562107,0.081331418961311,1
-0.40132638842389123,-0.14607037990007757,1
-0.2868857557699601,0.04586879057130758,1
-0.1692959425123157,-0.20069128825120883,1
-0.47867643612099176,0.08092801486197841,1
-0.4264799718930875,-0.1023459508252016,1
-0.3403489564924508,0.10854190493179967,1
-0.5073908478600283,0.15139501272382394,1
-0.23753492025494516,-0.12484892368933515,1
-0.5158157485082248,0.23915136977809306,1
-0.40717795739556417,0.17121501929229177,1
-0.3185736804653302,0.08074668953396479,1
-0.542332967048209,0.2536322063157123,1
-0.3253437178206551,0.20962063134246528,1
-0.4339095577568095,0.1962842650364886,1
-0.53851517231481,0.3896138054585569,1
-0.6342833300850492,0.19978893868495012,1
-0.29727400077530075,0.19681934311792973,1
-0.4873727584793001,0.2464227565248823,1
-0.4208545209844983,0.400550733712128,1
-0.7184413832323897,0.21982864733489418,1
-0.6442171003263502,0.20572323705429904,1
-0.5274701590211681,0.27149200226907916,1
-0.5653358864755996,0.2381057937098321,1
-0.6263723717200301,0.25377440584626976,1
-0.7342462695271537,0.2821169431326326,1
-0.5942991599242814,0.34669973950166966,1
-0.7340828696794695,0.4316420542548835,1
-0.6443116336905516,0.5551681688699025,1
-0.8383927393105316,0.17171697755336052,1
-0.6477623606467721,0.3968382309900633,1
-0.9130435488251172,0.3616156615734154,1
-0.7610056615303726,0.41073252539331506,1
-0.5254022594891888,0.33171217466478237,1
-0.7546887620917534,0.5096498368389492,1
-0.5524721870138263,0.5716125326462308,1
-0.8769723131683038,0.6111253026147586,1
-0.8270230890416485,0.4612559966397127,1
-0.808151962814244,0.5848575740715397,1
-0.7141796017446949,0.3471422202125983,1
-0.8365875360269904,0.65907145008153,1
-0.7229571206708104,0.3605430332820719,1
-0.8749809637173572,0.6475306884320318,1
-0.9170866905485872,0.6236829008238504,1
-0.6604953606266091,0.7053570909317922,1
-0.6977027986310207,0.39751515515076613,1
-0.9418099646204705,0.7102038027925239,1
-0.7350980392264543,0.637660936535586,1
-1.101029981483181,0.6227584365380118,1
-0.9345641144020915,0.7736075555570738,1
-0.9952731653429612,0.7603422942809176,1
-0.9530275015243161,0.8462221837834168,1
-1.1626558949068106,0.6995636254681382,1
-0.9731363003138143,0.7217463736894875,1
-1.0220047657042064,0.7979461628972129,1
-0.8058172749604434,1.0378701522778155,1
-0.9396201819556704,0.676970674192526,1
-0.886627260387643,0.6525975179220571,1
-1.075467966426697,0.8480846543856064,1
-0.9618236320598669,0.926330108084836,1
-1.3416640777101962,0.8457391476762243,1
-0.8845532532196132,1.092265032423584,1
-1.1021995667879425,0.8982231458740001,1
-1.0925724633371978,0.7730718871951725,1
-0.9454766879866138,0.9370132833020983,1
-1.0252277936904977,1.1031127770861129,1
-1.1422969673298105,0.9483616373623938,1
-0.9907084759286949,0.8675385836204501,1
-1.2024323351377513,1.0444678900355122,1
-1.247811727224863,0.8086377295431032,1
-1.1823943678716784,1.0235693745949843,1
-1.0432863046619407,1.0907809022403554,1
-1.0311119794916672,0.7885236917201783,1
-1.4181053477634078,1.1431502929968635,1
-1.235857568594169,1.0862424889554765,1
-1.1851253488940166,0.9495784372565114,1
-1.4816735184548946,1.214026769888086,1
-1.2133103351396306,0.8590682130657629,1
-1.2625891689554143,1.1238463575717716,1
-1.1933091307742703,1.284832475546495,1
-1.4410936686628673,1.2727516946421502,1
-1.1935053733334742,1.0589336688560216,1
-1.3026865694972822,1.1865194719322638,1
-1.0672893766251814,1.2434316066858533,1
-1.2263634535186414,1.0271498918746313,1
-1.35694578515191,1.3663399282207986,1
-1.3427839700391504,1.2115887176764606,1
-1.2982641777380588,1.1776070029726453,1
-1.4678867450220432,1.0118190311681012,1
-1.3114329633508595,0.9652236542714355,1
-1.3828813705810183,1.2742618320369528,1
-1.3487172251678914,1.1954038500499484,1
-1.6075080870366372,1.3661129989013976,1
-1.6203763907492568,1.4199551041840464,1
-1.4096129709422636,1.311865700653248,1
-1.400164946091105,1.5415551577988134,1
-1.2322865686830753,1.2144708036387886,1
-1.34651640850041,1.0824348474430427,1
-1.4229787711228863,1.336934946397445,1
-1.2466204409396122,1.3424754465004913,1
-1.509940639413831,1.139175400632639,1
-1.5054818966878567,1.230371303164704,1
-1.4630761716647542,1.3620041921416417,1
-1.6602570220706354,1.369402684351472,1
-1.4799026835889642,1.4408419511441428,1
-1.7163028442354074,1.5125082174501026,1
-1.476441971845377,1.3870734378858385,1
-1.6827719463763977,1.251229330519893,1
-1.5513354795645122,1.3605065704424308,1
-1.442286594397168,1.2791110835376245,1
-1.5031735722066222,1.3996080607579369,1
-1.2573021077621622,1.5382789094644582,1
-1.5378895915092075,1.2786521497553678,1
-1.516539372387245,1.4121426836300353,1
-1.6853907062692073,1.4525720580491297,1
-1.3841993788197298,1.5929399831343898,1
-1.2648054963666893,1.2891828582071319,1
-1.516539372387245,1.4246773065021339,1
-1.7142540475060204,1.6697855505972516,1
-1.3397317452172632,1.648705916123533,1
-1.2947248831088898,1.4040474644355578,1
-1.516539372387245,1.4246773065021339,1
-1.4538258724419877,1.3270302587522074,1
-1.438887088662348,1.601988817635042,1
-1.5299051725678676,1.4372119293742323,1
-1.678314800863545,1.6816467082378286,1
-1.610815121482908,1.649646482887298,1
-1.5925069892233956,1.3165122116483523,1
-1.516539372387245,1.4246773065021339,1
-1.528239721690041,1.1931566778330365,1
-1.722726034798989,1.447464103965616,1
-1.4215989019511992,1.2588813937633079,1
-1.516539372387245,1.7380428783045945,1
-1.4521344745362703,1.5618002120124617,1
-1.516539372387245,1.7380428783045945,1
-1.2593579025572077,1.6068250875281904,1
-1.4125762142860283,1.6288249212569688,1
-1.4898077720259997,1.725508255432496,1
-1.3762904245227898,1.7740505065693077,1
-1.4497103714841315,1.6879043868162007,1
-1.6705447533181417,1.6541641615243685,1
-1.4896293760178287,1.6066871828608136,1
-1.3828813705810183,1.6252312724557088,1
-1.4658078565301298,1.5334603033618612,1
-1.450028897214556,1.6842111842797036,1
-1.3617277129262524,1.5823727721059746,1
-1.3427839700391504,1.5625581580952164,1
-1.111870602554617,1.4652363967194826,1
-1.3364472695685377,1.4568459457921115,1
-1.385322199595503,1.6676327253585816,1
-1.316052369677905,1.5124196666068228,1
-1.5754732419039654,1.7249885047881799,1
-1.5802034667534686,1.5420552867444857,1
-1.1610365326494572,1.3311931758494013,1
-1.2625891689554143,1.4246773065021339,1
-1.0452796577799923,1.6661524277616424,1
-1.1195493078206114,1.6171634150894985,1
-1.3026219177852285,1.5130773382135252,1
-1.1957601680523011,1.3244003235253463,1
-1.2913510089690756,1.3007447454593264,1
-0.9899374805715738,1.5439066342476848,1
-1.0172260173864114,1.272562938263244,1
-1.1556627675104332,1.2617272091648544,1
-0.9922242039148461,1.3613922042214588,1
-0.967152117075671,1.33324021952546,1
-1.1455966249236451,1.3584040792353662,1
-1.0888337666073198,1.161450226188067,1
-1.3383437389464259,1.3670684430090498,1
-1.104745315596291,1.3869251094260815,1
-1.0227358058728995,1.1647481011339946,1
-1.008638965523584,1.073707866083378,1
-1.1578232913693738,1.0505215903143081,1
-1.01691954226143,1.0112180219480535,1
-1.1602510602595282,0.8809566804307096,1
-0.9952731653429612,1.048638620339181,1
-1.0445760225806735,0.8367155102744691,1
-0.877182258078537,1.1119647950693134,1
-1.0634583516208156,1.043533326227987,1
-0.9685415649817158,1.0235693745949843,1
-1.0882103739249915,0.9413697481377915,1
-0.9358527197516177,1.1236936654337542,1
-1.0411303819797122,1.066926454861696,1
-0.8883467638979798,0.9358270144902954,1
-1.0122036610540484,1.118257003776081,1
-0.9276022470728342,1.1421237270629967,1
-1.1001784660013996,1.0977559726333341,1
-0.768054562272376,0.835550031513508,1
-0.7867360850008421,0.8904361406466709,1
-0.9986798268598821,0.9522866485709377,1
-0.9827548096887008,1.0849438632939423,1
-0.7145913615498853,0.7979461628972129,1
-0.5216000968610492,0.9294245860869964,1
-0.5702654941790594,0.5600373481647087,1
-0.6084542003139036,0.8349274192469789,1
-0.6477623606467721,0.7352730485367207,1
-0.6778211950544429,0.5439486600783029,1
-0.6132325837453537,0.7903173936209048,1
-0.43505896524767024,0.6280738704680009,1
-0.5675675595630361,0.6725999341762287,1
-0.36042231853593004,0.8329960252660797,1
-0.48636233860306743,0.7659997723731096,1
-0.6154577987454588,0.769931211210916,1
-0.5141043588405455,0.6349960655599334,1
-0.5602404546356191,0.6708793793207345,1
-0.5842537722866461,0.4255490857602462,1
-0.5240528267840149,0.6249691365120603,1
-0.42054375757618684,0.5723229511994413,1
-0.26810761715196624,0.3728569099135396,1
-0.5866813177006214,0.4950890538499206,1
-0.2451818666421564,0.7470595411892357,1
-0.3269831563118281,0.5221844597110475,1
-0.5103026648173601,0.595480290916957,1
-0.4465742293602792,0.7595417268453573,1
-0.33355342895228546,0.7071221409408652,1
-0.23342255504746953,0.4845805910947523,1
-0.49340719552222617,0.24040451230707346,1
-0.09406672358419962,0.2802015281636246,1
-0.1104919778807111,0.6976177857104178,1
-0.2066909546862242,0.4595113453505555,1
-0.4674807148762011,0.5229738633100932,1
-0.45899117160469516,0.675840976515323,1
-0.09557652798136879,0.6566536555753132,1
-0.16659355414435623,0.43444209960635866,1
-0.086696061251548,0.42487254227604,1
-0.1549717549809316,0.23601536544778093,1
-0.22244457899389744,0.2104275904329206,1
-0.1398619537831109,0.4093728538621618,1
0.06373032079128423,0.24314998103313995,1
-0.21375741207505483,0.2556328795332642,1
-0.013737818334881585,0.2729832034837625,1
-0.08639875306062024,0.3717689852458665,1
-0.2905814682201152,0.4863735262525977,1
-0.10634758246870861,0.4371228357795267,1
0.015005616798175851,0.1797224610191927,1
-0.04630135253211806,0.34669973950166966,1
0.170647213739188,0.1181146852896974,1
-0.2761132937302033,0.45493493987444356,1
0.02759920394381778,0.32451199009114073,1
0.08735664927410855,0.23388813365278388,1
0.3379427543257432,0.4579060682879604,1
-0.016981165638800113,0.08618586668989442,1
0.06380290887490077,0.14089329758177097,1
0.22101465109370097,0.10854190493179967,1
0.15831809560152527,0.3480174491265265,1
0.3492875325780442,0.35064305125960676,1
0.019775319690406426,-0.12702098255472477,1
0.3680384530805502,-0.016804323789184523,1
0.2096851717372607,0.16548439377882873,1
0.3139039982155224,0.060567689862285286,1
0.2848848116149451,-0.192846039645242,1
0.4482332541642862,-0.07947743814967663,1
0.30926563704529253,-0.12262496133221047,1
0.4573295669387779,0.08380066760556751,1
0.3987863602472691,-0.3052177747423736,1
0.48833065470615417,-0.1170813067659719,1
0.45367366679664684,-0.13790318589829856,1
0.2960518084185676,-0.15053975335960068,1
0.6562910975926609,-0.3330443071057732,1
0.48833065470615417,-0.14215055251016873,1
0.3164343013715244,-0.2361339961046244,1
0.526526949541367,-0.11631140290368974,1
0.5755575121485579,-0.04814188210975937,1
0.528428055248022,-0.22989291261485767,1
0.36216501244711974,-0.3588523662097189,1
0.6825082471020321,-0.4185073168617902,1
0.4314250758408679,0.0004993656359068931,1
0.6219886565123807,-0.3803083870800387,1
0.6052832335251451,-0.5085195795938536,1
0.41358269934806374,-0.3769956317819147,1
0.4786842569209008,-0.1322572316369903,1
0.6620860570542487,-0.43044687856843233,1
0.9162655187102575,-0.5416968836213897,1
0.5451275027869711,-0.3505169936687102,1
0.7533521667722701,-0.4019872336849237,1
0.7155492577767393,-0.49311999292892444,1
0.8121362193020816,-0.2934415886835152,1
0.6494664408948979,-0.3938150941476905,1
0.6350283486777945,-0.2824234758084874,1
0.7957440588604753,-0.5557931072894166,1
0.8433433358002381,-0.5677511006576071,1
0.8047826867125996,-0.6295198622839664,1
0.9710534589557464,-0.6125387219597286,1
0.849207259582966,-0.6059315987778102,1
0.6120527317040907,-0.648929034266267,1
0.9665585269892029,-0.6100821353026472,1
0.8397509649102616,-0.8175543929412459,1
0.9160362604860793,-0.6686047131383024,1
1.0405886048186181,-0.6512503160621018,1
0.8966325910587021,-0.5851388552482337,1
0.7850670955966671,-0.7625052443388846,1
0.96949946120857,-0.7312778274987944,1
0.7257155016527679,-0.6096908122733927,1
1.085942571010388,-0.5324622229606196,1
1.0010738271251294,-0.6018226142771018,1
0.9962310615698153,-0.7688816961150897,1
1.1007220653268732,-0.945719292209831,1
1.2565276648997916,-0.8092527107089003,1
1.2614578889002979,-0.5429563097568159,1
1.0764258626535512,-0.8440894333476803,1
1.2729082389301956,-0.760089568183933,1
0.9600086643265953,-0.901589254897398,1
1.175286545672724,-0.7178960047590108,1
1.1432548635566646,-0.8816933019639756,1
1.2015804843772928,-1.0058347399623235,1
1.3371790759341462,-0.7870989782593065,1
1.3236011732021673,-0.926265901086347,1
1.2635470651822684,-0.9694356620686645,1
1.4054841978140775,-0.7881588432962567,1
1.2364871534536543,-1.0910079237922532,1
1.025151699318843,-0.9369808603468264,1
1.3704734666272498,-1.0321087764291565,1
1.5249737871485751,-0.8172191788950461,1
1.6304636003122226,-1.2010872577420708,1
1.629583514496949,-0.9902221332729558,1
1.4506682677109857,-1.107316513661747,1
1.5087935170094182,-1.3271422366579617,1
1.361110407365891,-0.9734819462548807,1
1.2308410698929844,-0.9118880680628717,1
1.517497268614099,-1.1699896280222393,1
1.7209708941248796,-1.0426371315054765,1
1.5046951028905133,-1.3760213181805925,1
1.2877173141683242,-1.2756069457094286,1
1.6110578698784577,-1.2577319881269282,1
1.5006978237718347,-1.422824911834212,1
1.8633421078491548,-1.0969270835711056,1
1.8227131039903823,-1.1419245315771425,1
1.6645210706009483,-1.2953358567432234,1
1.7665275530773628,-1.1800379232122213,1
1.7046184711428163,-1.3454743482316172,1
1.49337234947204,-1.5419689414711188,1
1.5449724231417725,-1.0958620970125956,1
1.7042809780053556,-1.4518634038471072,1
1.7313500715040617,-1.370543593975814,1
1.6324192614727913,-1.1335003143812936,1
1.6947206416718592,-1.3037506323597399,1
1.758081671865307,-1.3956128397200107,1
1.5533116038344068,-1.5805772608101092,1
1.580854319808833,-1.3762432662408641,1
1.6815837214632696,-1.320337380426967,1
1.758081671865307,-1.4081474625921093,1
1.6172587885216156,-1.2270530411337326,1
1.765123443690468,-1.3361803891530026,1
1.7848132722265522,-1.4206820854642077,1
1.7379813649032956,-1.3696640307146428,1
1.7297947200686425,-1.1700221779309137,1
1.798179072407175,-1.433216708336306,1
1.811628384780486,-1.5977260776619306,1
1.6411153638300284,-1.2082836930846654,1
1.798179072407175,-1.4457513312084045,1
1.80223015020816,-1.5804375536639634,1
1.6320607559608664,-1.572378667327343,1
1.798179072407175,-1.4457513312084045,1
1.7994854443802488,-1.5412617718921569,1
1.676691221097193,-1.3058854064880117,1
1.7763213057354736,-1.5015241519728162,1
-1.1422969673298105,1.3870734378858385,1
-1.0933797156994949,1.2575562121244106,1
-1.2735110419290705,1.3635913273431688,1
-0.8941455183112131,1.5139507407075548,1
-1.115565366968565,1.37453881501374,1
-1.1366294609309529,1.3837585753922634,1
-1.230975013720007,1.5853194501080783,1
-0.8486071481840909,1.501461134680039,1
-1.0888337666073198,1.3494695692695433,1
-1.3310583981348334,1.433646902130838,1
-1.2962081714960547,1.4993004715416876,1
-1.1714004354585348,1.3838110603651537,1
-1.0487363660654518,1.2993310777811495,1
-1.0843894074872096,1.5063882693078492,1
-0.9541560750741453,1.5104485206989857,1
-1.1367876466463287,1.451820618689108,1
-1.008638965523584,1.249192586292756,1
-0.882359721447862,1.2973387382076143,1
-0.8994465265832958,1.4443551025973185,1
-0.7604568994665127,1.326071987711059,1
-0.9551757648010931,1.1990540948043622,1
-0.7169106252702774,1.1538746022085817,1
-1.0618680131985543,1.1784597761096982,1
-0.9624427778928463,1.4354607911670463,1
-0.9150783642592252,1.13638098044387,1
-1.1321161122283405,1.0418272843348928,1
-1.1334747805677812,1.2812007969501333,1
-1.0710782029915586,1.2364206170775722,1
-0.8749809637173572,1.0862424889554765,1
-0.8688702901550707,1.2883265494290055,1
-0.999703374892368,0.9953463248546119,1
-1.0006194393031995,1.284917050532746,1
-0.848249363356112,1.048638620339181,1
-0.8735306063896515,1.006765568725253,1
-0.7193928235748493,1.076500642231011,1
-0.6863788011238666,0.9198620549141824,1
-0.8215177629948667,0.985965505978689,1
-1.024770472411994,0.9412595456136935,1
-1.0237665092865122,1.001375586253848,1
-0.5943421172050879,0.9975527967750197,1
-0.7814203624529986,0.9483616373623938,1
-0.9163852681911466,0.8217203309048795,1
-0.8569013337123649,0.8627706849558741,1
-0.6122267605014613,1.1443691108399172,1
-0.7145913615498853,0.8230154086414095,1
-0.9591347550456522,0.8522294365157753,1
-0.6331720713947219,0.645671880822684,1
-0.8306863689766912,0.7552662806727138,1
-0.6611281608273947,0.7352730485367207,1
-0.8860152970683649,0.8956442977588865,1
-0.8900116250767024,0.5975398604416517,1
-0.4875679078497072,0.9312210728048863,1
-0.6477623606467721,0.6976691799204254,1
-0.5527659309468199,0.7095236645038242,1
-0.5911593198763662,0.9312941075398979,1
-0.8580953026473699,0.7276022546810019,1
-0.6210307602855267,0.6725999341762287,1
-0.6779891506351186,0.5921079209524531,1
-0.8368896609849872,0.6768642785587404,1
-0.8250564397230935,0.8671271055443485,1
-0.6076649601049041,0.6600653113041302,1
-0.3946849292643559,0.49302566627909894,1
-0.7115175441441484,0.640364834686282,1
-0.6664772045824046,0.49680641739043135,1
-0.6076649601049041,0.6600653113041302,1
-0.7810965198072624,0.4532690433700994,1
-0.716529430911572,0.6988687505993666,1
-0.5959395606194094,0.6179296359012869,1
-1.527005422121281,1.2590006051715565,1
-1.7303921752772076,1.2115887176764606,1
-1.676928974554717,1.1739848490601654,1
-1.4205958935448249,1.31562501918897,1
-1.5794961445981697,1.049006704929708,1
-1.6501973741934715,1.161450226188067,1
-1.5304517108298934,1.2097639536014484,1
-1.5570610715924267,1.1388693221891895,1
-1.5967341734709808,1.13638098044387,1
-1.4978571006393366,1.3829236341350546,1
-1.5566367729291128,1.0987771118275749,1
-1.3031759569343158,0.9727629299754774,1
-1.6311745004229803,1.1876695912677422,1
-1.5196481612754964,0.9940292902191967,1
-1.4898077720259997,1.048638620339181,1
-1.7163370112304088,1.1163010451933546,1
-1.4478460669043778,1.0359180898319165,1
-1.3671167741543189,1.1357131060301884,1
-1.4229787711228863,0.985965505978689,1
-1.6797711598365055,0.7851110591682009,1
-1.6668018775035216,0.9527124463255546,1
-1.3407635943472673,0.9830658153892299,1
-1.3695155704003956,0.923292391618197,1
-1.5878177653025263,0.6878305922300955,1
-1.5824472531319502,0.8036059728052977,1
-1.3059613081605763,1.061845442571237,1
-1.2893207693166597,0.8480846543856064,1
-1.506193876824518,1.0411360124181195,1
-1.2229771876781643,0.9717211831091576,1
-1.2542232829930455,0.6334128589599065,1
-1.235857568594169,0.7854115400251144,1
-1.3165619809071918,1.0147771906340637,1
-1.1325230388265275,0.7166378445174761,1
-1.4430510139142583,0.8165271648255801,1
-1.1957601680523011,0.7478076714088191,1
-1.2205306933019566,0.618359015048351,1
-1.4220325994452,0.8116762336854435,1
-1.402759922879073,0.6910229262781713,1
-1.1556627675104332,0.6725999341762287,1
-1.2064509925865026,0.7191436823400928,1
-0.936349290637958,0.6251242641273017,1
-1.4021439212169284,0.5033229399421916,1
-1.115565366968565,0.6099268198157365,1
-1.1553302341541034,0.42949552992043905,1
-1.0100271107987429,0.5275979586391154,1
-1.0447035283046568,0.5439065307094447,1
-1.0621021662460743,0.5221844597110475,1
-0.9232368842425058,0.7631597613793765,1
-0.952449355684365,0.3782511759669649,1
-1.1867276616030018,0.7199888597463776,1
-0.9819073651623385,0.3592343623737681,1
-0.9479839974219333,0.17114464365217638,1
-1.1319370551476926,0.38449339371475527,1
-1.0101700597692285,0.14936726731553523,1
-0.9150783642592252,0.23388813365278388,1
-1.0620092897064635,0.044954514878185775,1
-0.7435237338031814,0.023890717549496843,1
-0.6897598712768397,0.46635826689848525,1
-0.8215177629948667,0.12107652780389809,1
-0.6155442234796648,-0.09894866403596779,1
-0.8680211420238175,0.3312262975853158,1
-0.7063156146775925,0.3610148951490127,1
-0.7947861626336213,0.08347265918760284,1
-0.7119318382387111,-0.00478521954682042,1
-0.5628275534873026,-0.1246969210809219,1
-0.8918204762880869,-0.07716911953546995,1
-0.7145913615498853,0.04586879057130758,1
-0.831524242788176,0.0821549498886462,1
-0.6178216293899731,-0.0495234467385673,1
-0.6189322157805514,0.18498820222648674,1
-0.47400695829867745,-0.07947743814967663,1
-0.447887247477493,-0.2731697496102902,1
-0.22342964648668942,-0.008014263469139997,1
-0.21726646150231138,0.04424417022911174,1
-0.3670805568536961,-0.14215055251016873,1
-0.329973946035133,-0.1431922803238618,1
-0.5741279030178551,-0.061776012142449606,1
-0.4323381565348758,0.0520579673479412,1
-0.2735199555893375,-0.20482366687066084,1
-0.1522127362522388,0.04303948988636458,1
-0.3336048113652358,-0.31747954143686763,1
-0.3701660359200907,-0.07422138799831376,1
-0.19332515450560156,-0.26749678123115295,1
-0.24660650188838862,-0.35357513154293235,1
-0.20815575135518113,-0.41594865901581407,1
-0.3295628855286081,-0.3943443136968167,1
-0.0997645532412429,-0.34270451846374345,1
-0.06480191014513177,-0.49686147732857044,1
-0.045615858359142024,-0.536952999915428,1
-0.3583797712537335,-0.17333785793033704,1
-0.0329355523514954,-0.41791225569633395,1
-0.2153138410612841,-0.5971820385512736,1
-0.00039712796179205365,-0.3118602050739594,1
-0.222331627156073,-0.17939658659844443,1
0.047259248732240564,-0.5056546158010229,1
0.07183392497867866,-0.31002418553433936,1
-0.19327188297045364,-0.6097736156160471,1
0.31156472709518196,-0.44852477733581236,1
0.1007224494547312,-0.5557931072894166,1
-0.11086909740791542,-0.5102339053685114,1
0.30114968780387724,-0.5498214483735506,1
0.02127140424071401,-0.7667349207121491,1
0.2076488509130783,-0.6560700902662039,1
-0.02029179563234309,-0.41874444723332327,1
0.1941424673214806,-0.44857420323399044,1
0.17343285779676482,-0.5778419729531764,1
0.3012094521774369,-0.7438124503708928,1
0.2900444663921096,-0.932827368659301,1
0.09417105738370644,-0.9566491688606128,1
0.19255382070210858,-0.5744194379237838,1
0.3680384530805502,-0.7939509418592865,1
0.40310036686161566,-0.8394369163880268,1
0.3540435284278497,-0.9517108865659513,1
0.11733740790802212,-1.0301638039419927,1
0.43486745398366355,-0.8440894333476803,1
0.6475510377917895,-0.8652284583687215,1
0.6368654531858907,-1.070982845441314,1
0.6275371356489418,-0.7461172358509505,1
0.47496485452553155,-0.894227924836074,1
0.24105283595500082,-0.7281661296824248,1
0.5880037426035937,-0.6868312405696572,1
0.23575993604559772,-0.6919132106306497,1
0.5016964548867768,-0.9192971705802708,1
0.5956958522969312,-0.8773314843429312,1
0.35122493057558773,-1.166070958330099,1
0.37506114602790147,-1.1647086758370013,1
0.5551596556092674,-0.9694356620686645,1
0.6329248155215598,-0.9313899723132961,1
0.35397394740868937,-1.1488166922085186,1
0.29641635888094003,-1.0533558351085002,1
0.608622856331758,-1.0195741535570582,1
0.7831259984802655,-0.8337500370844261,1
0.38036271820309375,-0.9518365246006929,1
0.5449551089586874,-1.0178520325004363,1
0.6353544566930034,-1.044643399301255,1
0.7284868366990112,-0.8809290873163226,1
0.5465076811096164,-1.2531061933537369,1
0.5413045504585984,-1.2081567048203483,1
0.6888176574154941,-1.0822472679175503,1
0.44614783380582423,-1.0520539799013833,1
0.559875616209502,-1.284459377711223,1
0.5875109967419488,-0.8921338484973822,1
0.728915057957362,-1.1323857594059439,1
0.4650051650572043,-1.1813957237002186,1
0.5919519459791168,-0.9293778054733017,1
0.7461973633154576,-1.3515743613096547,1
0.76901245849923,-1.1825242508943377,1
0.8544937702389088,-1.1225433547976031,1
0.9676013085418066,-1.3600313823656371,1
0.7384614337125698,-1.0847299949039004,1
0.8358414594023432,-1.2577319881269282,1
0.7462753152016129,-1.4828301395141348,1
0.6134216107129215,-1.4266910094378338,1
0.6723237833681712,-1.0445391573663714,1
0.8625730597635887,-1.282801233871125,1
0.5977398997565402,-1.2201355537954583,1
0.8509957451909572,-1.4197547891056774,1
1.0155908048295308,-1.1430302112874215,1
0.889304660124834,-1.2953358567432234,1
1.0056335495407325,-1.3142227432044244,1
1.150649653831802,-1.221136231596669,1
1.1123018859870384,-1.3521965524128554,1
0.9026704603054567,-1.3078704796153218,1
0.7996426149712277,-1.2796186856031253,1
1.1385899028401794,-1.283767964153211,1
0.8465483253026057,-1.5550410138750286,1
0.929402060666702,-1.3329397253595188,1
0.7964687433238666,-1.377932077289281,1
1.0890656345732324,-1.462729343768197,1
0.8108113495961896,-1.3978344837986352,1
0.9427678608473247,-1.3329397253595188,1
1.0349120556539904,-1.3901851562366623,1
0.7268992163458744,-1.5303017057275337,1
1.1465080283482292,-1.4989149686915437,1
0.96949946120857,-1.3454743482316172,1
0.7909175799336553,-1.4008447261267856,1
0.7502762089672923,-1.4157076088192717,1
0.918815094280856,-1.1407473809514015,1
1.009596861750438,-1.370543593975814,1
0.7790136526532001,-1.4352554722672266,1
1.15808426470176,-1.2297282192044265,1
1.1547555633577906,-1.2985552743509388,1
1.0630600624729285,-1.4081474625921093,1
1.2786715974967584,-1.1990448337012718,1
1.0903824686263979,-1.1844898088672984,1
0.9257927523674206,-1.5789033371332772,1
1.1165232631954192,-1.433216708336306,1
0.8974116713883524,-1.3020250021100988,1
1.1326632603074198,-1.269212640995213,1
1.3021252699811285,-1.5863709678159459,1
1.1699864639179098,-1.4833551998246997,1
1.105387810749487,-1.4278294728275034,1
1.0948929400732055,-1.3715828245165922,1
1.0036579043703662,-1.3442976366937154,1
1.1833522640985326,-1.4833551998246997,1
1.1030973924307546,-1.5023311523021807,1
1.1967180642791553,-1.4958898226967983,1
1.1167139013409493,-1.5206485971136139,1
1.2100838644597778,-1.4958898226967983,1
0.9942066895036786,-1.3935983528466689,1
1.0161449352670333,-1.483613980874281,1
1.1267782736275034,-1.5569133054795847,1
1.2100838644597778,-1.4958898226967983,1
1.2802294122491502,-1.2467721500924414,1
1.107668081752722,-1.3437270919971345,1
1.292046212155284,-1.5560602642269488,1
1.557594669155967,1.7380428783045945,0
1.355917973364758,1.7031863169928485,0
1.408048863640396,1.517556867725884,0
1.409110469051342,1.7064280800727583,0
1.5442288689753443,1.7380428783045945,0
1.786082628952606,1.7057495771763047,0
1.5308630687947218,1.7129736325603977,0
1.6607340261630512,1.6943403791791645,0
1.6281335216546142,1.486970581678808,0
1.5041314684334763,1.662835141072004,0
1.3237289948936666,1.521468499854013,0
1.2443474069181344,1.5586867445580352,0
1.4506682677109857,1.5876274038394131,0
1.5692068643236716,1.381527386198322,0
1.3897708510779325,1.7169842267895639,0
1.57571858861107,1.7004999831077983,0
1.3972050669884952,1.5249542894789212,0
1.5060320371022802,1.2912499550235539,0
1.4913918105475954,1.674764088459998,0
1.3782231413517272,1.6520040135590168,0
1.357107666446627,1.4372119293742323,0
1.3206577216679942,1.50964762473096,0
1.4684620158139667,1.4760800124772369,0
1.5652441571837405,1.3550844974562797,0
1.3036444657241364,1.3620041921416417,0
1.1235160116713616,1.150751250451943,0
1.2976632812369218,1.5276086776241196,0
1.419626546975454,1.4709237687591081,0
1.2635470651822684,1.2867964549090511,0
1.0547998112410755,1.1336752241606796,0
1.064642842535188,1.4120534509032712,0
1.0618255204485534,1.2006195492447462,0
1.2368154648210232,1.2366579634206574,0
1.3412468259669612,1.1183627562583671,0
1.3189542191590011,1.0487621202179531,0
0.9988091151162266,1.0720445648726993,0
1.1967180642791553,1.1739848490601654,0
1.1102492419120695,0.9571016149950912,0
1.4171656224803977,1.4095434164889171,0
1.0512361401991945,1.4037942963900985,0
1.1566206637372871,1.1238463575717716,0
0.9971189685167223,0.9529902504201916,0
1.0127802256554292,1.1921903120577835,0
1.1631073474653628,1.2589689175195897,0
1.1165232631954192,1.0611732432112795,0
1.3280195544193885,1.2254034080741998,0
1.0027850609475786,1.1713669295227898,0
1.2380171721533586,1.172076849824741,0
1.0764258626535512,1.0235693745949843,0
0.9809463944053094,1.2236945826174046,0
0.982631474297281,0.8742117349338869,0
0.9542600383469397,1.270392287161349,0
1.0363284621116833,0.9608962602344923,0
1.0165598383074523,0.8868253352057005,0
1.1297683552307147,1.1659869440398563,0
1.130902108028114,0.8321096437967973,0
0.9962310615698153,0.923292391618197,0
0.7735141149335024,0.7550209213212653,0
1.0126326597365871,0.7718248972858289,0
1.058580731068356,1.0737955280965499,0
0.9427678608473247,0.8606192772577048,0
0.8234071519093586,0.8841498190762276,0
1.0380948060687532,0.9104652713158384,0
0.7492357060163031,0.974576473933518,0
0.9026704603054567,0.7979461628972129,0
0.7259063549876811,1.0346392021903268,0
0.8393677370787168,1.0029819913071556,0
0.8132220089255328,0.9102411477464212,0
0.8759388599442114,0.7854115400251144,0
0.807502831278783,0.9699758290036959,0
0.9830280918537891,0.9089275711627638,0
0.9158006462892833,0.6052025229621673,0
0.8625730597635887,0.7603422942809176,0
0.7388529023618741,0.7397266966851196,0
0.6156490064769841,0.8167601565153333,0
1.1249572523204225,0.618749985980049,0
0.8224756592217206,0.7227384256646223,0
1.0788684325635096,0.9069385820939222,0
0.8810459535785076,0.6464062568005899,0
0.580861285403724,0.7972061182614593,0
0.76901245849923,0.6475306884320318,0
0.6051881116647617,0.4742257451567308,0
0.9284331923900709,0.6057191114971714,0
0.6024832570393528,0.7105064808434807,0
0.728915057957362,0.6099268198157365,0
0.4917565434612669,0.6100118902956297,0
0.659582037744302,0.8183915859404349,0
0.4751456649318469,0.5656419851753748,0
0.7021834575961167,0.5848575740715397,0
0.6781154620604468,0.35707409846315485,0
0.5982334122804833,0.6282582161638111,0
0.9688685751240281,0.6984398011391746,0
0.6754518572348713,0.5472537054552444,0
0.7245359895682122,0.7169319958912242,0
0.7330761960389608,0.3197390220490364,0
0.7039053610695343,0.38628698643891657,0
0.6620860570542487,0.5221844597110475,0
0.6257978507543374,0.42885580513607247,0
0.5008915756223019,0.7114677610715419,0
-1.2702200352224798e-15,0.5186036644134653,0
0.6219886565123807,0.4720459682226539,0
0.8331692479370577,0.47292835290208735,0
0.6559391593666548,0.3401782721665327,0
0.638993224552463,0.32638132402608405,0
0.5952570561511353,0.4219074767342602,0
0.7307181765770491,0.6036233516332816,0
0.8090699956757174,0.4309548599762766,0
0.8028135841014215,-8.906385227261936e-17,0
0.5818912559705127,0.4093728538621618,0
0.42711234392288455,0.5842982310660348,0
0.7905005081584991,0.43223640044545114,0
0.3343979024641748,0.3398026507579652,0
0.5685254557898901,0.3592343623737681,0
0.4898478903545658,0.1269011351119006,0
0.5716483454636743,0.3316103292244456,0
0.5355020497452326,0.46590185382888805,0
0.5417938554286448,0.3216304937574728,0
0.3890101103718109,0.2670267688701445,0
0.7648335841344496,0.42782399083026273,0
0.6680420137272803,0.5633705066952129,0
0.528428055248022,0.296561248013276,0
0.7060538399366684,0.3916523262177937,0
0.6783620343421789,0.15462374852004407,0
0.2857651540535819,0.2567638904629053,0
0.48833065470615417,0.23388813365278388,0
0.6144365609271253,0.18727612868891996,0
0.5011302233211069,0.34262215548471814,0
0.43867672200483715,0.4576561128663433,0
0.47496485452553155,0.22135351078068546,0
0.37397490677893225,0.36626967880208056,0
0.23130989151506468,0.014074277296854159,0
0.2521637731175578,0.06384228039248878,0
0.4615990543449089,0.1837496421643902,0
0.4825304705532757,0.3444251322542926,0
0.3391479026833353,-0.06509339773026261,0
0.4006483234061473,0.3088240966964163,0
0.4482332541642862,0.1837496421643902,0
0.31670624969416344,0.19598766840851067,0
0.6998719356145053,0.2245003563063197,0
0.5217057653426305,0.04755502603048577,0
0.4482332541642862,0.17121501929229177,0
0.26783054445078724,0.3900151838876256,0
0.4525568899020569,0.23602875718816502,0
0.5267600194244406,0.15288966301547524,0
0.16755145035784452,-0.179754421126464,0
0.3430852798943702,-0.36462538657535243,0
0.2546632588817413,-0.12568894610661757,0
-0.0054616690049796145,-0.037654260183190284,0
0.020527648370995244,-0.3552391413358419,0
0.2692675971936773,-0.4275566865908393,0
-0.23999991249762856,-0.3917552301847045,0
-0.19570415600161084,-0.1915130544515296,0
-0.04630135253211806,-0.4555161243126292,0
0.20201069099972935,-0.3973716551307582,0
0.10094632255791917,-0.2902496508548685,0
-0.08925088410163937,-0.20667788430111284,0
-0.12649615360248823,-0.5307238615452197,0
-0.21329863753309702,-0.33900124360569106,0
0.10153779507635362,-0.7125115746241533,0
-0.03209937427244527,-0.7129341774287464,0
-0.15322775396373356,-0.5683277301615149,0
0.03729933807328619,-0.46773935744552847,0
-0.2730055434982838,-0.493464158450702,0
0.020806911488659752,-0.6895878817811282,0
-0.19332515450560156,-0.6059315987778102,0
-0.16027953663957187,-0.5238574754828168,0
-0.36495742595928854,-0.706206667717685,0
-0.2635204480656922,-0.5465233157157766,0
-0.26015415540871484,-0.6560700902662039,0
-0.4760166769034443,-0.4254995281008541,0
-0.2982438589230932,-0.6602891816518378,0
-0.5137607329393297,-0.686408078219499,0
-0.31361735613120545,-0.7062085817545976,0
-0.3380733914538013,-0.4865938856524389,0
-0.49733157930427346,-0.7953131849936682,0
-0.45827376441852824,-0.5579960444461742,0
-0.3403489564924508,-0.7312778274987944,0
-0.45047754797295186,-0.5266043525991092,0
-0.2614402119001463,-0.5849160043190765,0
-0.3089755396343129,-0.9798299247578083,0
-0.3670805568536961,-0.7563470732429913,0
-0.14420846575618076,-1.0016366642507433,0
-0.4284586075275864,-0.5206258989148767,0
-0.17704468777904867,-0.8935592245160913,0
-0.3804463570343187,-0.7688816961150897,0
-0.28941704371811944,-0.8320820277440504,0
-0.612238139742761,-0.8300458871843509,0
-0.16569336456171524,-0.7029416184421348,0
-0.4339095577568095,-0.8190201876034835,0
-0.6072375701993243,-0.8459728788863992,0
-0.26357179666316816,-0.8994785427325764,0
-0.23043783366476261,-0.6084197190363434,0
-0.4873727584793001,-0.8566240562197788,0
-0.6941674477148527,-1.0223739156260565,0
-0.4951237374385592,-0.9187172110031047,0
-0.6949545563460395,-1.087424632725911,0
-0.5408359592017907,-0.9067625477081724,0
-0.6684522265055085,-0.8261517140310356,0
-0.2896923270752196,-0.89561578861426,0
-0.7302304604640789,-0.8293826283948494,0
-0.5809333597436588,-0.9443664163244677,0
-0.5011657117235232,-1.047128139097346,0
-0.488054648724647,-0.7120902742922228,0
-0.8378402567425334,-1.133510068323428,0
-0.6210307602855267,-0.9694356620686645,0
-0.6355163405223819,-1.2087846505689093,0
-0.612578086974793,-0.8966317911200479,0
-0.37746192074412976,-0.8021762536427818,0
-0.6343965604661495,-0.981970284940763,0
-0.8445078974997525,-0.9623777368157314,0
-0.7801682395896977,-1.1517326690334755,0
-0.7198775148043313,-0.7444227288192082,0
-0.6744939610080174,-1.0195741535570582,0
-0.5277768278165943,-0.9661184999731773,0
-0.864792104239133,-1.0862783946110584,0
-0.7575530638967589,-1.2352818004399027,0
-0.7413229619111307,-1.0947818907896487,0
-0.8379752449087735,-0.9971688538586923,0
-0.9330591159456932,-0.9619349261935286,0
-0.7204525728771245,-0.9013854493249251,0
-0.7947861626336213,-1.1699896280222393,0
-0.7074768013144946,-1.2523392988037139,0
-0.5635906830710173,-1.1231457414473585,0
-0.8118882490220592,-1.383439454651388,0
-0.848249363356112,-1.2075934966385344,0
-0.705962385181631,-1.0060003257148122,0
-0.7491399942539083,-1.0098320540092496,0
-0.9867737901888424,-1.2384837247279377,0
-0.9284441644398478,-1.2702666109990266,0
-0.9930625498063934,-1.3067019469188443,0
-0.9141989523475968,-1.4885884863488494,0
-0.7391862188848451,-1.047019461786159,0
-0.9551757648010931,-1.3078704796153218,0
-0.7657378375193862,-1.1012315981609204,0
-0.8741958745249198,-1.1086503198732578,0
-0.9880250659277279,-1.0727980197777516,0
-0.9952731653429612,-1.3454743482316172,0
-1.0628194912325701,-1.5352031895030982,0
-0.7883639914796194,-1.4230153716683671,0
-1.2294276337814745,-1.1884178450563798,0
-1.008638965523584,-1.370543593975814,0
-1.0726209011576047,-1.529843564008096,0
-1.1515683690125345,-1.179123775673084,0
-1.1634216738594374,-1.6040824425796372,0
-1.0621021662460743,-1.3956128397200107,0
-0.9970033716514508,-1.4112628215211274,0
-1.0377155659881008,-1.198495048847092,0
-1.2345842108158311,-1.556935360148528,0
-1.0888337666073198,-1.4206820854642077,0
-0.8600167778335002,-1.4547733416161108,0
-0.9549343074774322,-1.2488054138308455,0
-1.0027208914043462,-1.2631503746804926,0
-1.1289311671491877,-1.4457513312084045,0
-0.9722592894345304,-1.5709778028890062,0
-1.2603559692262811,-1.2659082687275196,0
-1.1416207586188043,-1.2246494707922047,0
-1.1823943678716784,-1.4833551998246997,0
-1.035139302656966,-1.5397823968434607,0
-1.144936007284892,-1.5332980045412008,0
-0.9713441658423735,-1.5645686885178676,0
-1.2224917684135463,-1.5334936913130934,0
-1.343352179609589,-1.502806094176654,0
-1.1281866317993683,-1.3094151425007095,0
-1.275954969136037,-1.5710975599293886,0
-1.3063148215461338,-1.344389581912869,0
-1.316052369677905,-1.5836321828014872,0
-1.1755186576933074,-1.5219753180041995,0
-1.3294181698585277,-1.5961668056735856,0
-1.5606246077733836,-1.4227666484001782,0
-1.1478177824677895,-1.544893686390121,0
-1.4880196124098748,-1.4509258403789824,0
-1.2931954078626209,-1.4733398167939928,0
-1.1631425708239618,-1.5112065389588407,0
-1.435298166817108,-1.5030911966808043,0
-1.5475919354598828,-1.4249634099989397,0
-1.6240558511883403,-1.4312217604330972,0
-1.178367937408174,-1.4825358917491371,0
-1.5257187740595335,-1.5057114781171677,0
1.717984271323439,1.7505775011766929,0
1.6466339623837059,1.7012878317868765,0
1.717984271323439,1.7380428783045945,0
1.6511552704203256,1.700439009688299,0
1.6678815201310606,1.7392023171321784,0
1.4662829011962384,1.6992776129526226,0
1.5843262695172124,1.662835141072004,0
1.5053330324844343,1.412317005137242,0
1.729125412922218,1.4943703398855483,0
1.557594669155967,1.6252312724557088,0
1.5828603112265616,1.385682183742858,0
1.5515239026652279,1.4575901250985654,0
1.663533029217616,1.6306771311422217,0
1.5041314684334763,1.5374889123510196,0
1.2463437946074591,1.5322644852983158,0
1.6926778381672731,1.3493137187826008,0
1.7627829009478981,1.454531756085898,0
1.4506682677109857,1.4748157979905274,0
1.2627247642655481,1.2578431878026033,0
1.2347607605416144,1.504560475614489,0
1.6448326735420635,1.6404018086923542,0
1.3704734666272498,1.37453881501374,0
1.4731962570864243,1.4341600758585331,0
1.1272461123205118,1.3691415856501215,0
1.1566120112528824,1.2364004458610616,0
1.290278665543514,1.2617272091648544,0
1.0449889948668478,1.3246025329389426,0
1.4798731385569142,1.1983980659853335,0
1.0307378709475192,1.3587444468917598,0
1.2234496646404005,1.1865194719322638,0
1.3308754015538315,1.04588300283036,0
1.0236947113513255,1.317209786600237,0
1.4722517026705597,1.410732676437776,0
1.1165232631954192,1.0987771118275749,0
1.319153168159084,1.3404666039678288,0
0.9405978723979598,1.2034256120926237,0
1.0450409303566097,1.1352111941597591,0
1.0229626619310606,0.9985001288507874,0
0.9638075922974331,1.134032569838407,0
1.0647346653151128,1.2460402537359594,0
1.0927417710714693,1.0813968365210698,0
0.9427678608473247,0.9358270144902954,0
1.0529073283467485,1.0262781483379388,0
1.1960620933944925,1.120816187073448,0
0.7991435601845815,1.16331899543825,0
0.9160362604860793,0.9107577687460985,0
0.7478835341240401,1.1564199811257798,0
0.6522833150935685,0.8631467556053254,0
1.0270422721066657,0.7481141418099259,0
0.889304660124834,0.8480846543856064,0
0.6249063505457099,1.0371224542520288,0
1.0176527556448236,0.955486223494608,0
0.761972468335233,1.044971904839621,0
0.849207259582966,0.8104807857693112,0
0.8248585372007563,0.7348026311597197,0
-1.2702200352224798e-15,0.7500913696421266,0
1.0019615972062428,0.8526922564071612,0
0.8224756592217206,0.772876917153016,0
0.6008612553037794,0.8725846883650188,0
0.8966684182197443,0.7110631440719617,0
0.6517880921481762,0.6229488082537675,0
0.76901245849923,0.7227384256646223,0
0.5483197657753807,0.7447734784246696,0
0.691802598531956,0.7566063455467706,0
0.8574387706020069,0.6945695310102916,0
0.728915057957362,0.6725999341762287,0
0.9134584443162792,0.4932877980840665,0
0.4893433972911422,0.4689486790806219,0
0.8765607850616799,0.7919856335983412,0
0.7021834575961167,0.622461442687835,0
0.6956439202814648,0.6831411838697896,0
0.6035212922626546,0.7803778114657848,0
0.6446539327043745,0.5562298768724536,0
0.6620860570542487,0.5597883283273428,0
0.7501352952072,0.46158922996480606,0
0.8167104464176987,0.4098186336858303,0
0.43823810335686786,0.6948486008511462,0
0.6353544566930034,0.5221844597110475,0
0.46004726930595236,0.6361407071398706,0
0.6468740547999788,0.3730082288836214,0
0.4562522106006087,0.3729130823217861,0
0.5952570561511353,0.4595113453505555,0
0.8050258303992693,0.34554178941124425,0
0.5271116362029524,0.29578933021313697,0
0.6522782530640661,0.2629756733942849,0
0.5685254557898901,0.3968382309900633,0
0.8061077312431578,0.2516159569490484,0
0.35909425888375823,0.2874764912890117,0
0.5133421408736523,0.44677350365168084,0
0.5417938554286448,0.34669973950166966,0
0.2926693157434813,0.43428435250562936,0
0.5968644683138637,0.5137775913106775,0
0.29127222714410533,0.4650809170044293,0
0.528428055248022,0.296561248013276,0
0.6158717162610217,0.44379622249318107,0
0.3375553905809904,0.39497627894522186,0
0.6378707892463666,0.3111814713120801,0
0.5150622550673994,0.27149200226907916,0
0.7246342944939087,0.26922099007688804,0
0.48516563362435666,0.5038355774387202,0
0.4215211958058269,0.3174688060560902,0
0.5016964548867768,0.2589573793969807,0
0.26643406680213755,0.18033383673585976,0
0.5873768826990404,0.3639514325158667,0
0.4927383041214362,0.23074691303916353,0
0.5016964548867768,0.2464227565248823,0
0.5575861361699425,0.4680819942670282,0
0.25323476813678897,0.05822925058692084,0
0.4675586376941614,0.07484815487538683,0
0.48833065470615417,0.22135351078068546,0
0.6620253458474044,0.19847727042241747,0
0.4923518405633256,0.24619849294372745,0
0.2952269967362832,0.3606015158213137,0
0.47496485452553155,0.1962842650364886,0
0.347039969826379,0.0018037944643266956,0
0.2112829832457192,0.05237977483783256,0
0.6463043141771295,0.2865161447650082,0
0.47496485452553155,0.1962842650364886,0
0.39611571070939244,0.41273334952772633,0
0.38164061861593906,0.38586129685809495,0
0.6474795379783553,0.12279970000145946,0
-0.2467883552280922,-0.4555161243126292,0
-0.14339081239549914,-0.7050151630685622,0
-0.5044180392813644,-0.2260139185138019,0
-0.30616943546376985,-0.6463478099626956,0
-0.26015415540871484,-0.4680507471847276,0
-0.21472277824472258,-0.4503173528753276,0
0.005762353011845086,-0.5821375878354058,0
-0.009181255888488756,-0.6700048107084117,0
-0.2868857557699601,-0.48058537005682606,0
-0.1751906278178173,-0.4523625573461722,0
-0.1104494138217459,-0.3575988560402497,0
-0.18136565637139332,-0.29026720095639036,0
-0.3269831563118281,-0.5307238615452197,0
-0.15937642863446147,-0.6215212974411094,0
-0.43424483364167826,-0.5450898448376166,0
-0.08901119012799617,-0.7673219404156479,0
-0.42054375757618684,-0.6059315987778102,0
-0.2883061035348104,-0.6389190760949929,0
-0.19445595559968892,-0.7180194858358484,0
-0.543177954004892,-0.3994773559533554,0
-0.47400695829867745,-0.6560700902662039,0
-0.2523339858453187,-0.47650901957211134,0
-0.21684065825087115,-0.7475932377072855,0
-0.42363434839286035,-0.47477001224759485,0
-0.5675675595630361,-0.7312778274987944,0
-0.716835115583131,-0.8938090913179247,0
-0.4887215636601555,-0.5469988605056096,0
-0.77619646402166,-0.49280995843315023,0
-0.6611281608273947,-0.7939509418592865,0
-0.5135672865055235,-0.6735810338769551,0
-0.46186194005114417,-0.7591432949077593,0
-0.8437963538901248,-0.5695447100528169,0
-0.7413229619111307,-0.8691586790918772,0
-0.5042649155954911,-0.8558260358195859,0
-1.0053309301125377,-0.7686993446777785,0
-0.9035083617148987,-1.1187058188363506,0
-0.8348835631754893,-0.9443664163244677,0
-1.0780703276856067,-0.7567127991935324,0
-1.06856766678476,-1.0170340109785652,0
-0.8622819220923811,-0.8485777661763748,0
-0.9150783642592252,-1.0195741535570582,0
-0.8532010355898257,-1.1215616743454715,0
-0.7504761176962365,-1.215562274078252,0
-0.687405118683808,-1.1758606899462065,0
-1.008638965523584,-1.0822472679175503,0
-0.9071771371323437,-1.2606534163847183,0
-0.9252281569737593,-8.906385227261936e-17,0
-1.156503754350438,-1.0220474626545133,0
-1.075467966426697,-1.1323857594059439,0
-0.9347996112471619,-1.243253274077,0
-1.3420449495521432,-1.2900297904382914,0
-1.209369434436352,-1.1096881966747658,0
-1.1690285676910557,-1.195058873766436,0
-1.3267198513767233,-1.1999210640062212,0
-0.9424313724814719,-1.3810048912013464,0
-1.1813134637155094,-1.0464522998082526,0
-1.1957601680523011,-1.2201281195106328,0
-0.9403976578546668,-1.3679277585701832,0
-1.073790345586832,-1.370373205833264,0
-1.139222294512862,-1.0722989453699017,0
-1.2625891689554143,-1.2702666109990266,0
-1.0287336099306907,-1.3047204574402131,0
-1.200867165987468,-1.3458297398869852,0
-1.1220425323757002,-1.4585306963524676,0
-1.3427839700391504,-1.3329397253595188,0
-1.1073242770815086,-1.243073770756698,0
-1.5814904369310003,-1.3968052383384368,0
-1.4697160659564044,-1.2057698393707221,0
-1.3828813705810183,-1.3580089711037155,0
-1.3194849597779121,-1.4962438154882536,0
-1.1586660991659956,-1.1673736543597182,0
-1.1786739483389155,-1.3673758328024166,0
-1.396247170761641,-1.370543593975814,0
-1.3397530275808909,-1.429124330706748,0
-1.1738192440499058,-1.5148185447152969,0
-1.1581833016030831,-1.2837675768333645,0
-1.4229787711228863,-1.3830782168479123,0
-1.660313139719274,-1.2563534378242285,0
-1.5155502069401174,-1.3956503320304834,0
-1.6003815185653905,-1.5314156689433376,0
-1.4497103714841315,-1.4081474625921093,0
-1.679135454311735,-1.5779058932647678,0
-1.3297703600298671,-1.257869002836081,0
-1.4630761716647542,-1.433216708336306,0
-1.2283505202998946,-1.5657557649354221,0
-1.4359254826291055,-1.360028531992396,0
-1.3023803309469641,-1.5093142709258132,0
-1.4898077720259997,-1.4457513312084045,0
-1.460485238031341,-1.3299814327758614,0
-1.5164035718476698,-1.2472591653156648,0
-1.5031735722066222,-1.4582859540805029,0
-1.3328097977907214,-1.4891157627807379,0
-1.6999773894283683,-1.5299338270808605,0
-1.5031735722066222,-1.4708205769526013,0
-1.697348766911606,-1.5942619491188075,0
-1.5031735722066222,-1.4708205769526013,0
-1.713169648059446,-1.3919707308132647,0
-1.7304254801780976,-1.5804638462888998,0
-1.5135375045541182,-1.2513666872765763,0
1.8249106727684203,1.37453881501374,0
1.7827321610020685,1.234085968485253,0
1.8115448725877976,1.336934946397445,0
1.7964474167113134,1.1006823989466483,0
1.639558788087313,1.3803930316580295,0
1.758081671865307,1.2617272091648544,0
1.77823465344583,1.1127911492324312,0
1.7046184711428163,1.1865194719322638,0
1.6426325759546319,1.4258621780795253,0
1.5845269676995644,0.9733941175535521,0
1.6645210706009483,1.13638098044387,0
1.6825643608664618,0.9736486107593412,0
1.729314915910339,1.2601727309176807,0
1.7161577932947765,1.1769037797943482,0
1.6110578698784577,1.073707866083378,0
1.6412042637767696,0.9910081657075075,0
1.853738624039515,0.9858908551547507,0
1.6798473142254442,1.2858366283212044,0
1.5442288689753443,0.985965505978689,0
1.3182594023136676,0.9049800572978551,0
1.4653428871426952,1.046190702000547,0
1.5585218613973968,1.0370719715597962,0
1.4907656682528538,0.9358270144902954,0
1.392965308463416,0.6854208108575883,0
1.619778989003893,1.166762523579375,0
1.4432094668812292,0.8240107044515976,0
1.4105708671691177,0.8606192772577048,0
1.2989642646539952,1.0533524200728261,0
1.4737852625053642,0.9749084188247263,0
1.6064245444071037,0.9194051385794769,0
1.357107666446627,0.8104807857693112,0
1.5562540072225297,1.0064181401904495,0
1.4601713462930885,0.5838842191159195,0
1.301952516880136,0.694637997376651,0
1.3303760660853818,0.7854115400251144,0
1.419620097976867,0.6725224952761247,0
1.3553655578930768,0.8343228169772848,0
1.1372092441506754,0.7326878298248787,0
1.250181265001646,0.7352730485367207,0
1.48078299936525,0.6415675315001674,0
1.009781803258273,0.7456419625833766,0
1.1175452387415141,0.8507448285127228,0
1.1833522640985326,0.6976691799204254,0
1.3069075028966886,0.7739522021576773,0
0.9960605818577756,0.518505606685468,0
1.2198044179766194,0.7580188668083395,0
1.129889063376042,0.6600653113041302,0
1.3729234862332549,0.593999509608921,0
1.3654594795579857,0.8848326944251775,0
0.8863979126818528,0.5583889095070621,0
1.089791662834174,0.6475306884320318,0
1.094635378965197,0.552304948517767,0
1.3121078240565085,0.7597094126485617,0
1.2427795341337902,0.6429621914255286,0
1.0363284621116833,0.6099268198157365,0
1.1623912564095398,0.5038388132516146,0
1.150789209225622,0.5283206761642879,0
0.9724886209725428,0.5717450610885112,0
0.6973812633926189,0.7208053119334652,0
0.9506761900257901,0.6852551882533086,0
0.8686953051683554,0.6428507592549267,0
0.9160362604860793,0.5221844597110475,0
1.0408537050398763,0.7591136254777487,0
0.8557790623402279,0.5211038200408415,0
1.002510474082326,0.7073750036429113,0
0.8224756592217206,0.43444209960635866,0
0.8604000669496593,0.6217484401221194,0
0.9240552822811646,0.48818298229408097,0
0.6213316855985486,0.3376516849052522,0
0.728915057957362,0.3592343623737681,0
0.7147793364953208,0.3215223647106903,0
0.654040370354145,0.30095630131221207,0
0.9085454037894595,0.498190561393934,0
0.6353544566930034,0.27149200226907916,0
0.8681680989323949,0.31136592994484236,0
0.6304115059112234,0.1466289831971412,0
0.7977595501543403,0.049040174965188414,0
0.6219886565123807,0.27149200226907916,0
0.3868284911367869,0.37296663900493177,0
0.7192179921611779,0.4958383155699107,0
0.731722262400576,0.10357587756277638,0
0.6219886565123807,0.2464227565248823,0
0.8024910236368965,0.12904634499058293,0
0.3572978691425142,0.3604135116451259,0
0.5955947242469207,0.3574898380603406,0
0.608622856331758,0.23388813365278388,0
0.34756936671698924,0.43914959981458684,0
0.5842073057505934,0.35768649388392715,0
0.5379624774334963,0.43704144508887,0
0.5016964548867768,0.08347265918760284,0
0.550287708368761,-0.056446430759663276,0
0.7552744979042441,-0.12160175768558275,0
0.663389345136247,0.16841776120223154,0
0.3413068527193049,-0.10454668389387348,0
0.30470717996999247,-0.07647594197998137,0
0.5335151771690565,-0.11891055372350792,0
0.43218113665384117,-0.31288579180308757,0
0.2744778518161916,-0.179754421126464,0
0.3149536861443957,-0.40530390116419235,0
0.06397697612809868,-0.4033409664371064,0
0.5166286871521419,-0.29980759460640366,0
0.19428305071908983,-0.2549621583590545,0
0.30727167484772655,-0.057724535363362306,0
0.2968270315119438,-0.23916283968777088,0
0.059841753130128135,-0.3535269701375096,0
0.11408824963535387,-0.3176352727195466,0
0.273106618020685,-0.09246304597293747,0
-0.1292944683183441,-0.19279030005752323,0
-0.11379955257262497,-0.12763602992565815,0
-0.006203951990250078,-0.41791225569633395,0
-0.1550126390924721,-0.448089483100215,0
-0.18976358389921918,-0.5184455640647359,0
0.12425170190362507,-0.6268638219501271,0
-0.07303295287999759,-0.4680507471847276,0
-0.3094750861487477,-0.42878190097729085,0
0.1296201742659723,-0.24294150040004694,0
-0.07157570842277468,-0.6994166569926352,0
-0.12649615360248823,-0.5056546158010229,0
0.07207296708888122,-0.3740491835394481,0
0.027605991725342116,-0.7493601582581296,0
0.01039465650738548,-0.7254982994076581,0
-0.16659355414435623,-0.5432584844173182,0
-0.3547086351686605,-0.7766235963794373,0
-0.32807805887150043,-0.6737444088980078,0
-0.20055054288682594,-0.34059629968610367,0
-0.2467883552280922,-0.6059315987778102,0
-0.20271135344218066,-0.753754153509549,0
-0.056428637265879676,-0.7320772537822886,0
-0.05152555095884181,-0.6204780489269694,0
-0.3002515559505828,-0.6560700902662039,0
-0.2825361198084141,-0.5598207379512595,0
-0.14419460488676145,-0.7030967763911636,0
-0.40087320265762094,-0.7381298699415524,0
-0.3670805568536961,-0.7062085817545976,0
-0.20891948681061812,-0.6669571916390112,0
-0.6105769492137421,-0.7470733046842064,0
-0.4172351646776151,-0.6608587863770495,0
-0.42054375757618684,-0.7814163189871881,0
-0.33979594717826755,-0.8780722074778208,0
-0.21466351295014166,-0.9753942061339658,0
-0.2691190640562848,-0.8369048488642804,0
-0.5007385586599228,-0.8440894333476803,0
-0.33015178575870036,-1.062808386246772,0
-0.2652812404039992,-0.8177867211734103,0
-0.5975838364609838,-0.8964223882117315,0
-0.5408359592017907,-0.8816933019639756,0
-0.41761581264240916,-0.8849317560287933,0
-0.6827996536882986,-0.9398903422315958,0
-0.6878410733941435,-1.0234098011773751,0
-0.6210307602855267,-0.9694356620686645,0
-0.36578155411455165,-0.935620689561644,0
-0.4160033570286408,-1.0914157936518152,0
-0.6097025673873538,-0.956860574174933,0
-0.6611281608273947,-1.0321087764291565,0
-0.5281306409970496,-1.0175922503105261,0
-0.9139329528753022,-1.0878724958039008,0
-0.6896343328649852,-0.8685518052978262,0
-0.7413229619111307,-1.1198511365338455,0
-0.6471253029039968,-1.0058487723472829,0
-0.4945000966869794,-0.9055576535748976,0
-0.8479119577646423,-1.0999684701753214,0
-0.808151962814244,-1.1699896280222393,0
-0.6486187364681308,-0.9725525776724971,0
-0.7290051830777567,-1.277497193161249,0
-0.6532530953831546,-1.2000785916257042,0
-0.9017125640786026,-1.2451973652548298,0
-1.0114144231172346,-1.061595879837027,0
-1.0264365488092686,-1.0950077742201174,0
-0.8260419599155376,-1.0470726481965449,0
-0.9819073651623385,-1.2953358567432234,0
-0.861000274310139,-1.2524780495581345,0
-1.2235625463721826,-1.5190388206227923,0
-0.9999331454276671,-1.2903135153873884,0
-1.0487363660654518,-1.3204051024874204,0
-1.1241329669141,-1.5705250849008856,0
-0.7862548997544055,-1.570897333117092,0
-0.7834097848228753,-1.5616473066381815,0
-1.0888337666073198,-1.3329397253595188,0
-1.018723120263669,-1.2758161046939838,0
-1.1986546186918001,-1.3088597045316144,0
-1.3144032531444791,-1.2612137014924785,0
-1.1823943678716784,-1.3580089711037155,0
-1.1046204671270419,-1.5303414956343788,0
-1.32298861984722,-1.4127360257749833,0
-0.9910961134050353,-1.146281443272141,0
-1.2625891689554143,-1.3830782168479123,0
-1.2055285453377949,-1.2383813319006203,0
-1.3607656118879103,-1.561610372118427,0
-1.2656149292256278,-1.4267736978379966,0
-1.316052369677905,-1.3956128397200107,0
-1.3608260199584068,-1.444225547971987,0
-1.5644902511358232,-1.2543150549458433,0
-1.3706946304535894,-1.5999597524715878,0
-1.356149770219773,-1.4081474625921093,0
-1.117417318474818,-1.4784350118848852,0
-1.5622135648401967,-1.6014237462845573,0
-1.5143340861961831,-1.5668065862419702,0
-1.4229787711228863,-1.4081474625921093,0
-1.4311524685069041,-1.5729785605899167,0
-1.2159171524226626,-1.247873172563592,0
-1.42852522400414,-1.3313983766284185,0
-1.4630761716647542,-1.433216708336306,0
-1.6263777125519974,-1.5881574085349885,0
-1.6768687148446026,-1.5371066484474258,0
-1.516539372387245,-1.4582859540805029,0
-1.5830210228752644,-1.4069207993286,0
-1.6829778024210393,-1.5823353131152715,0
-1.5432709727484901,-1.4582859540805029,0
-1.3418715028997794,-1.523093965408571,0
-1.5390988743097695,-1.289487501288589,0
-1.5566367729291128,-1.4708205769526013,0
-1.3213811391179369,-1.5614319380014559,0
-1.6340177001690028,-1.330875978671752,0
-1.7239787818451582,-1.2543084542134388,0
-1.5432709727484901,-1.4708205769526013,0
-1.5164629627807724,-1.480228801653318,0
-1.480468538105411,-1.4853274086685562,0
-1.6505858391465011,-1.2988700375331914,0
-1.3294181698585277,-1.2953358567432234,0
-1.188256188946722,-1.2173481394581052,0
-1.351228352945006,-1.5022723348378157,0
-1.1216975006596213,-1.2785436110547823,0
-1.2893207693166597,-1.2577319881269282,0
-1.4197831005237207,-1.1111959261685143,0
-1.0265755928275737,-1.1253941622380546,0
-1.2824640884289797,-1.4055060176984884,0
-1.2492233687747918,-1.2451973652548298,0
-0.9886327448397579,-1.2362683454538248,0
-1.1664963418646976,-1.3393688449887617,0
-1.1957847573822094,-1.0010717627667256,0
-1.0621021662460743,-1.1449203822780425,0
-1.1293084378435922,-1.2532413316298459,0
-1.1207326872994494,-1.1816171691221131,0
-1.2409293294683719,-1.1840370808514793,0
-0.9017125640786026,-1.0571780221733535,0
-1.1246996141561554,-1.1471905752072826,0
-0.7690165001142973,-1.2378629187005643,0
-0.9818690221567283,-0.8436481095824427,0
-0.7279571617305081,-0.9443664163244677,0
-0.7181063054286795,-0.9398981212185503,0
-0.5927684301640074,-0.8116244506291066,0
-0.6849482982913551,-1.1405734450091944,0
-0.6611281608273947,-0.9067625477081724,0
-0.7949026169793829,-0.7740258847850174,0
-0.7990657462978927,-1.1088001647716899,0
-0.686408654841492,-1.0037021205357235,0
-0.6076649601049041,-0.8566240562197788,0
-0.40235192528744407,-0.7249489562735884,0
-0.6577758224667798,-1.0316953870737595,0
-0.8279238627097573,-0.8350568756815583,0
-0.5542017593824135,-0.8315548104755819,0
-0.6752476310803123,-0.8065105135194035,0
-0.5030512313032717,-1.0722361894016839,0
-0.5515696260709173,-0.8511112009767842,0
-0.5274701590211681,-0.7814163189871881,0
-0.3921014029574026,-0.6374643665518385,0
-0.5055313536317596,-0.63716032185095,0
-0.5966429926585654,-0.7251838014580255,0
-0.5141043588405455,-0.7563470732429913,0
-0.5206532858971402,-0.6636572133833656,0
-0.40505629152651434,-0.7669244721621843,0
-0.6434877463870078,-0.5531387453415799,0
-0.4873727584793001,-0.6811393360104008,0
-0.6364147108859601,-0.7711745611687961,0
-0.6437791126778072,-0.5113321969213771,0
-0.7075806972880646,-0.6022428467845099,0
-0.44727535793743217,-0.6059315987778102,0
-0.23308929940329795,-0.6119571602070669,0
-0.46806212036750006,-0.384947093517558,0
-0.22292697665206843,-0.3936677871343514,0
-0.3804463570343187,-0.5307238615452197,0
-0.4458813358535916,-0.7235766154977132,0
-0.28599484165167055,-0.535203895952188,0
-0.35287438425890283,-0.7540823193373077,0
-0.35371475667307345,-0.48058537005682606,0
-0.44775245044219536,-0.24464865699715302,0
-0.17076408530934792,-0.5495980666031147,0
-0.5221916658404635,-0.689709002588479,0
-0.3403489564924508,-0.4680507471847276,0
-0.2669647725363101,-0.3274084369485656,0
-0.5766022001296504,-0.4282930663535577,0
-0.36358651454688234,-0.6479379132375729,0
-0.3670805568536961,-0.4680507471847276,0
-0.46029093900126794,-0.41424229849260663,0
-0.18529143607761153,-0.42321735132007077,0
-0.16734963794650576,-0.664077810522953,0
-0.5542017593824135,-0.5557931072894166,0
-0.31798397401017103,-0.3481521125687932,0
-0.5889700938971435,-0.7429349457961822,0
-0.31470820444270897,-0.6650959813931513,0
-0.7012255613692627,-0.6435354673941055,0
-0.9288634184491996,-0.7928911226990559,0
-0.8657536508640833,-0.8643738540486133,0
-0.4779913465040556,-0.8605452275719518,0
-0.768054562272376,-0.718743204626696,0
-0.7555663960846414,-0.6238574221106182,0
-0.6025971449485726,-0.8968782629192763,0
-0.7946536363141165,-0.7054205530783348,0
-0.808151962814244,-0.7438124503708928,0
-1.0576425348280458,-0.9559781693147567,0
-0.6507597902322907,-0.6560029040608784,0
-0.9106371360778075,-0.9172380983040654,0
-0.848249363356112,-0.7939509418592865,0
-1.0352001722485424,-0.910168240591543,0
-0.653245577387869,-0.7327221511041296,0
-1.0858924058852686,-0.7261006466986976,0
-0.8749809637173572,-0.8190201876034835,0
-1.0326657490846347,-0.6757989065382498,0
-0.6461256474422558,-0.6260323730895431,0
-0.7519109982292812,-0.8359139923161288,0
-0.8883467638979798,-0.8315548104755819,0
-0.8310758521363786,-1.0736628925862628,0
-0.6342796396539613,-0.6532800095638734,0
-0.7676991176623505,-1.0105893019135102,0
-0.8883467638979798,-0.8440894333476803,0
-0.9937002282569287,-0.8026620671717105,0
-0.6847804130147883,-0.5949632237877238,0
-0.929210657928152,-0.9821530497699363,0
-0.7947861626336213,-0.8064855647313851,0
-0.747844326415567,-0.8716039758141376,0
-0.7919184926469702,-1.0253303064567314,0
-0.7580948603738547,-0.6865289869410308,0
-0.6076649601049041,-0.6686047131383024,0
-0.5413430618040416,-0.8198878452291583,0
-0.44733057112237223,-0.9084086816247116,0
-0.8467684931095157,-0.43059437823892505,0
-0.40717795739556417,-0.4429815014405308,0
-0.6541459944564291,-0.6569188995794659,0
-0.41119222551553614,-0.21391892973977786,0
-0.6174286753992948,-0.6302951368561106,0
-0.31361735613120545,-0.28003140410325134,0
-0.06709322103200006,-0.19352375110560743,0
-0.30063598830803995,-0.033115097127309534,0
-0.49156479936018044,-0.09677356514849297,0
-0.12649615360248823,-0.05440819240547978,0
-0.261016624030086,-0.30499636454276935,0
-0.2660072182758739,0.1759171311795129,0
0.07225353070906212,0.12496909310353364,0
0.020527648370995244,0.17121501929229177,0
-0.2406393008349811,0.40627413188738926,0
0.09266045999361254,0.3885572376541531,0
-0.0701353091508354,-0.017318161200091498,0
0.1408198499965992,0.34669973950166966,0
0.2274047627720736,0.4329954171103452,0
0.32189590307422733,0.4902756487383922,0
-0.007578908802665353,0.5705662501266247,0
0.22101465109370097,0.44697672247845704,0
0.4142219568342326,0.5006705985755618,0
0.15964283881348437,0.3607374064254872,0
0.30606191168030605,0.534743920439752,0
0.2878436519968142,0.534719082583146,0
0.5029999589601061,0.3580240166823137,0
0.259050902500971,0.4012476913338362,0
0.5529122859934149,0.7056791289584675,0
0.3680384530805502,0.6099268198157365,0
0.16377774830324587,0.46467039306382063,0
0.1383899770621804,0.7870202662398852,0
0.4684183510894833,0.618217124872286,0
0.43486745398366355,0.6725999341762287,0
0.532625013540447,0.5461153775648478,0
0.20138443923908433,0.8772433327497171,0
0.31055770453803927,0.593125654740352,0
0.5016964548867768,0.7227384256646223,0
0.3675457625533181,0.7581478781607883,0
0.6228769157817806,0.7842963124419013,0
0.7288570836654207,0.7534327757037882,0
0.5685254557898901,0.7603422942809176,0
0.7667187635545835,0.6321133677826631,0
0.5386739225371767,0.5763700313342099,0
0.40114024874131904,0.75698330402356,0
0.608622856331758,0.7979461628972129,0
0.781844832134146,0.6374776956414359,0
0.4857562577753563,0.7475021787082964,0
0.8075412202627458,0.8073451647477665,0
0.6754518572348713,0.835550031513508,0
0.5534060413739474,0.6790588672806265,0
0.5016454120988091,1.0749017484251135,0
0.5793457732752457,0.9693772008606091,0
0.7155492577767393,0.8606192772577048,0
0.5134994655641804,1.0587579740555328,0
0.6451489695978285,0.9024971221114193,0
0.4903238424892577,0.8043073611654986,0
0.7823782586798527,0.8982231458740001,0
0.9009057019332619,0.8947687556047328,0
0.9453564780539087,0.7935193009871991,0
0.5999231668610683,0.6624308687722974,0
0.8625730597635887,0.9358270144902954,0
0.8200831755094111,0.9031978016386967,0
0.7146563576342009,0.9781596305033569,0
0.7542357927870372,0.8858239829164333,0
0.9427678608473247,0.985965505978689,0
0.9631444089596771,1.0228591597293957,0
0.766702144117665,0.8582179680367971,0
0.6769960758943457,1.1182171846635647,0
0.9828652613891926,1.0235693745949843,0
0.865792094316102,1.149230590491932,0
1.1123390862167333,1.267499136887412,0
1.1584528993516936,0.7970597390609051,0
1.0764258626535512,1.073707866083378,0
0.8193003952589548,0.9382010468676789,0
0.9610521503905266,1.073317604360642,0
1.2290955549315998,1.1499617782885103,0
1.129889063376042,1.1113117346996733,0
1.1089211856657564,0.9783468145391702,0
1.233425900568377,0.9556701076656038,0
0.9291053281407878,1.0826708085849543,0
1.1833522640985326,1.161450226188067,0
0.939948983649839,1.0339616514238263,0
1.0312951869898366,1.310661826838275,0
0.9797200514973969,1.2720686489476756,0
1.2368154648210232,1.2115887176764606,0
1.3776768186800585,1.1962748619407038,0
1.4653134783725583,1.0945616503433784,0
1.2082087901192125,1.1936282655677752,0
1.2635470651822684,1.2366579634206574,0
1.0772667190433463,1.30678778203306,0
1.073028351363434,1.3979679366916797,0
1.142769925327195,1.0376552396506695,0
1.2769128653628912,1.249192586292756,0
1.0666234994796482,1.2176698152565069,0
1.3005001862256913,1.291692810269014,0
1.4099113451250052,1.1304333792296826,0
1.3036444657241364,1.2742618320369528,0
1.345065153461155,1.243438529182027,0
1.2056724079299723,1.3078521838514128,0
1.1411241947519293,1.297861916068516,0
1.3170102659047591,1.2993310777811495,0
1.5295500526823778,1.1746850681907448,0
1.5552192149433257,1.3197418206565403,0
1.5327567447203727,1.4585912729481338,0
1.3437418662660046,1.3244003235253463,0
1.212158269126705,1.3920246101599305,0
1.1125857396288723,1.259006310931888,0
1.2902910690060814,1.0869200269366612,0
1.3704734666272498,1.37453881501374,0
1.6023545860767834,1.5774305457922262,0
1.3243890779004128,1.2166493442830113,0
1.5406241794956312,1.3817058240756799,0
1.3838392668078725,1.4246773065021339,0
1.2347392353213975,1.3945254466680213,0
1.1726272650844811,1.5181504911700971,0
1.499368620338892,1.1749306037789908,0
1.4105708671691177,1.462281175118429,0
1.4809545801519088,1.6200687137945768,0
1.2624076308505285,1.6790082165013567,0
1.2323617631402446,1.5464106959142405,0
1.4640340678916084,1.550023535223118,0
1.689901396583413,1.5921098940296945,0
1.476131539176211,1.5011859232467972,0
1.3569374079385803,1.3035431807384936,0
1.517497268614099,1.6001620267115115,0
1.6458516661088738,1.5489294331172547,0
1.7000543323995174,1.525140512610545,0
1.7724310586080614,1.4233772066436037,0
1.5442288689753443,1.6503005181999055,0
1.7767168345138988,1.5277176285661238,0
1.4502712032021199,1.4732443147725802,0
1.4337180566426841,1.45855059057614,0
1.557594669155967,1.662835141072004,0
1.7742678389955033,1.426117657509442,0
1.3402699896685524,1.7112213725044647,0
1.5709604693365897,1.662835141072004,0
1.8314150913094394,1.630078695656288,0
1.6335787125605397,1.4852193519688752,0
1.4637078260847396,1.7747661633414167,0
1.597692069697835,1.662835141072004,0
1.843225422435602,1.7226103145510436,0
1.829539114376388,1.5243103044269328,0
1.4359216894842635,1.7157128236966375,0
1.6244236700590804,1.662835141072004,0
1.6562949445291422,1.4576351507173844,0
1.5748225467035408,1.4462520259892806,0
1.384746732331158,1.4886563768969618,0
1.6377894702397031,1.6252312724557088,0
1.5928264466193418,1.4993953160191114,0
1.806610398262834,1.6745870720088736,0
1.6511552704203256,1.5124196666068228,0
1.5715622858750025,1.7372753908669096,0
1.858921676852818,1.2873042037773135,0
1.4742098899673624,1.5597524645173289,0
1.6511552704203256,1.462281175118429,0
1.4972856659705636,1.5689435557064189,0
1.7477724363818903,1.437431330399136,0
1.4147973310000732,1.3183534462178184,0
1.597692069697835,1.3244003235253463,0
1.7839401058860325,1.524418530867735,0
1.5937646763385607,1.1166431318479288,0
1.3786987302039702,1.3473342962632813,0
1.4506682677109857,1.1238463575717716,0
1.7066983019236428,1.2934087724386878,0
1.2417180466092015,1.2796633531300963,0
1.2643956090456956,1.2627768776621369,0
1.3838392668078725,1.073707866083378,0
1.603141468157657,0.9470015459213742,0
1.224464800505569,1.045484109515622,0
1.5062897511150428,1.0259475690938924,0
1.290278665543514,0.9985001288507874,0
1.4913576261770531,1.2430543350941845,0
1.5268120016863762,0.8202795504613917,0
1.3237651868073956,0.8791865911272034,0
1.1165232631954192,0.8731539001298033,0
1.1780431548149604,0.6963401158074399,0
1.3489507416715982,0.9302438831320909,0
1.2597264925009601,0.9875551625196073,0
1.0229626619310606,0.7979461628972129,0
1.109103136976775,1.0003156253270327,0
0.7649754348371346,0.5605119309222365,0
1.0706647550213966,0.9465818018882195,0
0.809109859041098,0.6475306884320318,0
1.0703332950724793,0.40814044961603085,0
0.5858570748023841,0.43132504900463764,0
0.5971000380025452,0.6017989981925148,0
0.6219886565123807,0.534719082583146,0
0.5574415559035446,0.7520204983659803,0
0.6495874076684586,0.30993579666071447,0
0.4210862444661111,0.6472250900646382,0
0.48833065470615417,0.4219074767342602,0
0.5346247170174806,0.45222083653518996,0
0.654767706993266,0.29155730334739144,0
0.7250163795495381,0.3349962316931483,0
0.38140425326117283,0.34669973950166966,0
0.266003277171624,0.13470475308911886,0
0.6433631032856987,0.2965643779086072,0
0.4958160076335757,0.5271905612094896,0
0.1408198499965992,0.1837496421643902,0
-0.060944973665903936,-0.06666525397858628,0
0.10942431895425946,0.353670447344504,0
0.35274023339563526,0.28282176058961267,0
-0.01956975217087274,0.058403413443406,0
0.09910641302280222,0.01546064411516912,0
-0.221432323057694,-0.17171569660538702,0
-0.20329293589667405,0.042645645053938315,0
-0.16659355414435623,-0.09201206102177505,0
-0.035393510815102135,-0.32829393949009217,0
-0.04856316066054207,0.030253230937879752,0
-0.17307065793515244,-0.07393215057277026,0
-0.23342255504746953,-0.179754421126464,0
-0.17569943803469923,-0.03254737061505837,0
-0.21118084547391364,-0.35579133597126905,0
-0.08107483540605392,-0.36763487557266833,0
-0.3269831563118281,-0.3051006498474482,0
-0.26798767032261733,-0.1818148186883457,0
-0.12622299166519277,-0.3585201350277241,0
-0.3329802153599172,-0.16377944964567825,0
-0.4339095577568095,-0.4555161243126292,0
-0.23382592447159656,-0.534307010594285,0
-0.4630066908972221,-0.3258371136724064,0
-0.46631621231793224,-0.47752284895033176,0
-0.5942991599242814,-0.6560700902662039,0
-0.6677020825986172,-0.8247735971755948,0
-0.5956522817239631,-0.6350031581286116,0
-0.33107038258769206,-0.7735585402708134,0
-0.8616151635367345,-0.9067625477081724,0
-0.7714731263016736,-0.6939641079511641,0
-0.9112412421777909,-0.8571278747316934,0
-0.7272780029200859,-0.8254575098899336,0
-0.9952731653429612,-1.0070395306849598,0
-1.116185318625637,-0.9147257903598145,0
-1.1212959917548797,-1.1736311089443794,0
-0.9671724401758199,-1.1917269867480762,0
-1.0353705658848291,-1.0571780221733535,0
-1.1636848468659677,-1.1839921028642273,0
-1.205699339012481,-1.0528069902256894,0
-0.9892027105426825,-0.9307569324939997,0
-1.1422969673298105,-1.1198511365338455,0
-1.1019943627270334,-1.2811330974296737,0
-1.0095840339881232,-1.2255275499540277,0
-1.4054690890443038,-1.12020916334298,0
-1.2492233687747918,-1.195058873766436,0
-1.421406442448078,-1.2915557754821372,0
-1.4700979041457047,-1.318606361542953,0
-1.0396084056156345,-1.3756242100468437,0
-1.3026865694972822,-1.2326627423827314,0
-1.1197058143905103,-1.155201201365652,0
-1.3113337998061592,-1.22408438241696,0
-1.1353261029458195,-1.3822045812098975,0
-1.396247170761641,-1.3204051024874204,0
-1.3029985914293387,-1.4733507996305535,0
-1.590646842744078,-1.4817854012600666,0
-1.5704197544844534,-1.1553446061001986,0
-1.436344571303509,-1.3580089711037155,0
-1.537045080107695,-1.1419619019257348,0
-1.5559620138727945,-1.1116395857607242,0
-1.6046519385034,-1.5894377199843905,0
-1.476441971845377,-1.4206820854642077,0
-1.5140366757568844,-1.3745765437048725,0
-1.2404834108213179,-1.4974021362274774,0
-1.4585212807186003,-1.2825204971761208,0
-1.5299051725678676,-1.4833551998246997,0
-1.3208170595797541,-1.5909791677390113,0
-1.3664389316078989,-1.4484643387709264,0
-1.4941726053033253,-1.528816515867287,0
-1.5700025731097356,-1.5460283141851918,0
-1.5833683732903583,-1.5710975599293886,0
-1.4950184960554165,-1.3797021415235415,0
-1.6100999736516035,-1.5836321828014872,0
-1.3869437505026363,-1.3963719427484564,0
-1.5967341734709808,-1.5961668056735856,0
-1.7072027779432508,-1.3895746511623654,0
-1.622135443662328,-1.4671409632007595,0
-1.6837452065213103,-1.521150918364826,0
-1.4708263816895293,-1.607148791133225,0
-1.1958522769940076,-1.5984947521284016,0
-1.3753911026478964,-1.4945031662534873,0
-1.3083306769243959,-1.4972809702954843,0
-1.36427457149699,-1.5928579585455271,0
-0.9971897731056399,-1.4911868785732916,0
-1.264523767619768,-1.565529616523026,0
-1.1314726193874105,-1.5068870815944075,0
-0.9461963898133557,-1.5077170654082703,0
-1.2840234335654923,-1.4181340034555874,0
-0.9841132121823758,-1.3947866927542092,0
-1.0353705658848291,-1.5836321828014872,0
-0.8979483191563115,-1.5093061911079095,0
-1.008638965523584,-1.5710975599293886,0
-0.9685415649817158,-1.5585629370572902,0
-0.8987391461531083,-1.4756171296397167,0
-0.8983533901804593,-1.600940268331908,0
-0.9017125640786026,-1.520959068440995,0
-0.8577788611798257,-1.5936483329511137,0
-0.9388030820727743,-1.5855782870397501,0
-0.8616151635367345,-1.5084244455688967,0
-0.7401903166039343,-1.5896262181500658,0
-0.7814203624529986,-1.4582859540805029,0
-0.617935423674183,-1.3096746367703325,0
-1.0148701809606433,-1.4556075809344386,0
-0.8906145707579144,-1.5444673525296835,0
-0.7012255613692627,-1.4206820854642077,0
-0.6769664220598417,-1.5186852565154394,0
-0.5799124447738082,-1.3313722068427862,0
-0.8244647249227991,-1.570595461794463,0
-0.6210307602855267,-1.3329397253595188,0
-0.7401276550595275,-1.4674484751036807,0
-0.7271038978684051,-1.5502747072329035,0
-0.6591175761187761,-1.5671744874509643,0
-0.5809333597436588,-1.2577319881269282,0
-0.6073199889359001,-1.508148292785477,0
-0.7489184742934027,-1.2425059335386577,0
-0.5437188290437233,-1.093514975593095,0
-0.5274701590211681,-1.1699896280222393,0
-0.7224671883101036,-1.113709186994796,0
-0.435528467314511,-1.3984755695923532,0
-0.5895250186641505,-1.0672989743048138,0
-0.4339095577568095,-0.981970284940763,0
-0.37901872370544804,-1.1216665045302066,0
-0.3597917305087324,-1.2201736001362622,0
-0.4463044851917479,-1.1225105370240382,0
-0.3403489564924508,-0.8064855647313851,0
-0.3001388132875312,-0.557197897195598,0
-0.1562023407284535,-0.7995214488467192,0
-0.3807413628325075,-0.9755441758772416,0
-0.2868857557699601,-0.7062085817545976,0
-0.33224375281974877,-0.7693953088052778,0
-0.36451537443920073,-0.8694326494721086,0
-0.4546650391354507,-0.7715676766491213,0
-0.2066909546862242,-0.5557931072894166,0
-0.0010697460441402723,-0.7106639945272044,0
-0.29139416768061793,-0.4296243371868998,0
-0.454393047373961,-0.7491117937308475,0
-0.1398619537831109,-0.43044687856843233,0
0.027094477272938615,-0.32845504461628894,0
-0.04201874865144304,-0.4050208367897209,0
-0.11438935740007347,-0.6052106649294724,0
-0.07303295287999759,-0.34270451846374345,0
-0.15441485688718581,-0.3354033894384571,0
-0.0755573962018844,-0.24388867278471937,0
-0.02751488947991888,-0.29651437903048994,0
-0.01956975217087274,-0.28003140410325134,0
0.16893983628423587,-0.10418303142064778,0
0.1375197030273565,-0.08187692771938218,0
0.11388506367661405,-0.1714424632609804,0
0.11408824963535387,-0.1296159296380703,0
-0.09187393602020275,-0.25627405354839966,0
-0.07974337796456889,0.017141062193199257,0
0.04479262726534415,-0.23340045244271976,0
0.18091725053846716,-0.04187356953338136,0
0.2112701949817644,0.18325546657545502,0
0.17674739898431727,0.1755315442193079,0
0.2305177680356501,-0.16096509476873225,0
0.2744778518161916,0.07093803631550442,0
0.16437938965611576,0.13307086472197913,0
0.10453233331851398,-0.10891778829165767,0
0.0589062250534654,-0.05169020170363484,0
0.3947700534417955,0.2589573793969807,0
0.6295695528575234,0.30674839561347006,0
0.576164823634741,0.3840832997117111,0
0.5564715052882295,0.07516266060902035,0
0.4615990543449089,0.3341651166295712,0
0.5760468081635182,0.19514258215400343,0
0.6677878634378198,0.19551831829197408,0
0.4736859367079765,0.283089744183268,0
0.5952570561511353,0.4595113453505555,0
0.4908416393355491,0.46821347406275915,0
0.4910270165684702,0.2490949409515959,0
0.4637764871440002,0.5014988648953987,0
0.728915057957362,0.6099268198157365,0
0.5854623777777042,0.7000843869044427,0
0.5668928242334331,0.8378154151586447,0
0.8154230219366188,0.47490212882449534,0
0.7957440588604753,0.6725999341762287,0
0.5774926029416744,0.761520403679962,0
0.7614354676409002,0.6989673773992422,0
0.8995755679733108,0.7346054076430633,0
0.8759388599442114,0.7478076714088191,0
0.8847867709262421,0.5244599452594494,0
1.0629585994759654,0.5080649073550085,0
0.8620801175583392,0.7529309903077035,0
0.9828652613891926,0.8480846543856064,0
1.0914153208597057,0.8670538308966552,0
0.8985169345816927,0.9462840164766084,0
1.0020702960464496,0.9287378123449868,0
1.0363284621116833,0.8856885230019017,0
1.0684706578762984,0.6730285784183536,0
1.0571641381577503,0.7796098631300169,0
1.281373465133143,0.6424904230668743,0
1.1031574630147967,0.9483616373623938,0
1.223305093596405,0.7599867293970615,0
1.2353307944101197,0.9754725273685009,0
1.198044711502813,0.7423472516269543,0
1.1432548635566646,0.985965505978689,0
1.392015257763201,1.0131489720779567,0
0.8846814652617271,1.0436285013687623,0
1.3152516488504316,0.8461304609284728,0
1.2234496646404005,1.0611732432112795,0
1.100677653446033,1.309194515612016,0
1.3694883891101077,1.0666831958116558,0
1.439130973150913,1.093090662210846,0
1.2769128653628912,1.13638098044387,0
1.2303479607488907,1.0978010912590546,0
1.2354058949701225,0.9910440606056414,0
1.3576454809845329,0.9863271417564409,0
1.3303760660853818,1.1990540948043622,0
1.479607604214466,1.4467287565544373,0
1.4294212192006175,1.407679133254914,0
1.462151755569271,1.2126594176414216,0
1.357107666446627,1.224123340548559,0
1.093679330362151,1.2255553254471776,0
1.2434490124961155,1.4311316094421889,0
1.3849189642996014,1.207115326870307,0
1.357107666446627,1.224123340548559,0
1.2106266379768669,1.3850587542189174,0
1.1208742445584112,1.0687613370096365,0
